state,total_deaths
Abia,1
Abia,0
Abia,0
Abia,1
Abia,0
Abia,0
Abia,0
Abia,0
Abia,0
Abia,0
Abia,0
Abia,1
Abia,1
Abia,2
Abia,1
Abia,0
Abia,4
Abia,0
Abia,1
Abia,8
Abia,1
Abia,0
Abia,2
Abia,3
Abia,2
Abia,2
Abia,0
Abia,1
Abia,0
Abia,1
Abia,4
Abia,1
Abia,1
Abia,2
Abia,1
Abia,1
Abia,0
Abia,0
Abia,7
Abia,0
Abia,18
Abia,4
Abia,1
Abia,0
Abia,1
Abia,10
Abia,0
Abia,6
Abia,3
Abia,1
Abia,10
Abia,0
Abia,0
Abia,0
Abia,0
Abia,1
Abia,1
Abia,0
Abia,1
Abia,1
Abia,1
Abia,1
Abia,0
Abia,2
Abia,0
Abia,1
Abia,1
Abia,3
Abia,1
Abia,2
Abia,2
Abia,1
Abia,1
Abia,1
Abia,1
Abia,1
Abia,0
Abia,0
Abia,0
Abia,2
Abia,0
Abia,1
Abia,1
Abia,5
Abia,1
Abia,3
Abia,2
Abia,0
Abia,0
Abia,0
Abia,0
Abia,1
Abia,1
Abia,1
Abia,4
Abia,1
Abia,0
Abia,6
Abia,0
Abia,3
Abia,16
Abia,0
Abia,1
Abia,0
Abia,0
Abia,0
Abia,0
Abia,0
Abia,0
Abia,0
Abia,2
Abia,2
Abia,10
Abia,14
Abia,1
Abia,1
Abia,0
Abia,1
Abia,0
Abia,0
Abia,1
Abia,0
Abia,5
Abia,1
Abia,0
Abia,0
Abia,1
Abia,3
Abia,1
Abia,0
Abia,2
Abia,0
Adamawa,2
Adamawa,2
Adamawa,6
Adamawa,3
Adamawa,6
Adamawa,7
Adamawa,22
Adamawa,45
Adamawa,11
Adamawa,6
Adamawa,9
Adamawa,65
Adamawa,11
Adamawa,4
Adamawa,8
Adamawa,25
Adamawa,13
Adamawa,4
Adamawa,4
Adamawa,70
Adamawa,0
Adamawa,60
Adamawa,5
Adamawa,10
Adamawa,2
Adamawa,0
Adamawa,3
Adamawa,6
Adamawa,6
Adamawa,40
Adamawa,0
Adamawa,0
Adamawa,40
Adamawa,30
Adamawa,24
Adamawa,100
Adamawa,1
Adamawa,40
Adamawa,200
Adamawa,270
Adamawa,0
Adamawa,0
Adamawa,24
Adamawa,2
Adamawa,1
Adamawa,0
Adamawa,0
Adamawa,80
Adamawa,20
Adamawa,0
Adamawa,0
Adamawa,0
Adamawa,24
Adamawa,410
Adamawa,10
Adamawa,40
Adamawa,7
Adamawa,10
Adamawa,2
Adamawa,1
Adamawa,6
Adamawa,3
Adamawa,7
Adamawa,0
Adamawa,30
Adamawa,10
Adamawa,13
Adamawa,1
Adamawa,10
Adamawa,1
Adamawa,7
Adamawa,0
Adamawa,11
Adamawa,10
Adamawa,10
Adamawa,0
Adamawa,45
Adamawa,8
Adamawa,100
Adamawa,10
Adamawa,5
Adamawa,0
Adamawa,11
Adamawa,14
Adamawa,30
Adamawa,150
Adamawa,50
Adamawa,4
Adamawa,34
Adamawa,21
Adamawa,30
Adamawa,3
Adamawa,7
Adamawa,30
Adamawa,18
Adamawa,6
Adamawa,7
Adamawa,0
Adamawa,24
Adamawa,8
Adamawa,3
Adamawa,22
Adamawa,1
Adamawa,7
Adamawa,1
Adamawa,58
Adamawa,0
Adamawa,3
Adamawa,45
Adamawa,11
Adamawa,3
Adamawa,5
Adamawa,2
Adamawa,0
Adamawa,8
Adamawa,1
Adamawa,40
Adamawa,20
Adamawa,2
Adamawa,1
Adamawa,2
Adamawa,6
Adamawa,2
Adamawa,4
Adamawa,45
Adamawa,0
Adamawa,45
Adamawa,60
Adamawa,7
Adamawa,5
Adamawa,6
Adamawa,2
Adamawa,4
Adamawa,3
Adamawa,5
Adamawa,5
Adamawa,6
Adamawa,9
Adamawa,1
Adamawa,2
Adamawa,10
Adamawa,1
Adamawa,6
Adamawa,30
Adamawa,1
Adamawa,6
Adamawa,86
Adamawa,15
Adamawa,8
Adamawa,10
Adamawa,6
Adamawa,1
Adamawa,1
Adamawa,21
Adamawa,2
Adamawa,5
Adamawa,50
Adamawa,5
Adamawa,0
Adamawa,3
Adamawa,1
Adamawa,0
Adamawa,51
Adamawa,5
Adamawa,24
Adamawa,0
Adamawa,1
Adamawa,0
Adamawa,6
Adamawa,5
Adamawa,13
Adamawa,3
Adamawa,0
Adamawa,3
Adamawa,1
Adamawa,2
Adamawa,3
Adamawa,25
Adamawa,0
Adamawa,6
Adamawa,40
Adamawa,0
Adamawa,4
Adamawa,11
Adamawa,30
Adamawa,6
Adamawa,0
Adamawa,5
Adamawa,0
Adamawa,4
Adamawa,0
Adamawa,1
Adamawa,1
Adamawa,0
Adamawa,3
Adamawa,1
Adamawa,3
Adamawa,0
Adamawa,0
Adamawa,6
Adamawa,5
Adamawa,0
Adamawa,20
Adamawa,2
Adamawa,2
Adamawa,0
Adamawa,0
Adamawa,0
Adamawa,0
Adamawa,0
Adamawa,4
Adamawa,6
Adamawa,0
Adamawa,0
Adamawa,4
Adamawa,1
Adamawa,1
Adamawa,1
Adamawa,2
Adamawa,3
Adamawa,0
Adamawa,0
Adamawa,0
Adamawa,1
Adamawa,2
Adamawa,1
Adamawa,2
Adamawa,10
Adamawa,2
Adamawa,3
Adamawa,2
Adamawa,48
Adamawa,0
Adamawa,1
Adamawa,1
Adamawa,23
Adamawa,0
Adamawa,0
Adamawa,1
Adamawa,0
Adamawa,0
Adamawa,1
Adamawa,0
Adamawa,2
Adamawa,0
Adamawa,8
Adamawa,0
Adamawa,0
Adamawa,2
Adamawa,1
Adamawa,7
Adamawa,13
Adamawa,1
Adamawa,0
Adamawa,1
Adamawa,1
Adamawa,24
Adamawa,7
Adamawa,1
Adamawa,7
Adamawa,0
Adamawa,7
Adamawa,1
Adamawa,2
Adamawa,0
Adamawa,6
Adamawa,0
Adamawa,0
Adamawa,2
Akwa Ibom,4
Akwa Ibom,6
Akwa Ibom,4
Akwa Ibom,0
Akwa Ibom,0
Akwa Ibom,4
Akwa Ibom,2
Akwa Ibom,0
Akwa Ibom,0
Akwa Ibom,0
Akwa Ibom,0
Akwa Ibom,0
Akwa Ibom,1
Akwa Ibom,1
Akwa Ibom,5
Akwa Ibom,0
Akwa Ibom,4
Akwa Ibom,2
Akwa Ibom,3
Akwa Ibom,4
Akwa Ibom,0
Akwa Ibom,0
Akwa Ibom,0
Akwa Ibom,5
Akwa Ibom,1
Akwa Ibom,0
Akwa Ibom,0
Akwa Ibom,0
Akwa Ibom,2
Akwa Ibom,20
Akwa Ibom,6
Akwa Ibom,5
Akwa Ibom,8
Akwa Ibom,50
Akwa Ibom,0
Akwa Ibom,1
Akwa Ibom,1
Akwa Ibom,1
Akwa Ibom,1
Akwa Ibom,1
Akwa Ibom,4
Akwa Ibom,0
Akwa Ibom,0
Akwa Ibom,6
Akwa Ibom,5
Akwa Ibom,4
Akwa Ibom,1
Akwa Ibom,3
Akwa Ibom,1
Akwa Ibom,2
Akwa Ibom,4
Akwa Ibom,0
Akwa Ibom,4
Akwa Ibom,0
Akwa Ibom,0
Akwa Ibom,0
Akwa Ibom,1
Akwa Ibom,1
Akwa Ibom,1
Akwa Ibom,0
Akwa Ibom,0
Akwa Ibom,3
Akwa Ibom,2
Akwa Ibom,1
Akwa Ibom,6
Akwa Ibom,1
Akwa Ibom,0
Akwa Ibom,4
Akwa Ibom,0
Akwa Ibom,1
Akwa Ibom,0
Akwa Ibom,0
Akwa Ibom,3
Akwa Ibom,0
Akwa Ibom,2
Akwa Ibom,0
Akwa Ibom,0
Akwa Ibom,0
Akwa Ibom,0
Akwa Ibom,0
Akwa Ibom,0
Akwa Ibom,1
Akwa Ibom,5
Akwa Ibom,4
Akwa Ibom,1
Akwa Ibom,4
Akwa Ibom,7
Akwa Ibom,2
Akwa Ibom,0
Akwa Ibom,1
Akwa Ibom,0
Akwa Ibom,3
Akwa Ibom,2
Akwa Ibom,1
Akwa Ibom,1
Akwa Ibom,0
Akwa Ibom,2
Akwa Ibom,3
Akwa Ibom,2
Akwa Ibom,2
Akwa Ibom,2
Akwa Ibom,1
Akwa Ibom,0
Akwa Ibom,2
Akwa Ibom,1
Akwa Ibom,6
Akwa Ibom,1
Akwa Ibom,2
Akwa Ibom,0
Akwa Ibom,1
Akwa Ibom,1
Akwa Ibom,1
Akwa Ibom,2
Akwa Ibom,1
Akwa Ibom,7
Akwa Ibom,3
Akwa Ibom,2
Akwa Ibom,2
Akwa Ibom,0
Akwa Ibom,2
Akwa Ibom,6
Akwa Ibom,1
Akwa Ibom,4
Akwa Ibom,7
Akwa Ibom,10
Akwa Ibom,4
Akwa Ibom,6
Akwa Ibom,1
Akwa Ibom,2
Akwa Ibom,1
Akwa Ibom,2
Akwa Ibom,0
Akwa Ibom,6
Akwa Ibom,2
Akwa Ibom,1
Akwa Ibom,2
Akwa Ibom,8
Akwa Ibom,8
Akwa Ibom,1
Akwa Ibom,1
Akwa Ibom,3
Akwa Ibom,1
Akwa Ibom,0
Akwa Ibom,4
Akwa Ibom,2
Akwa Ibom,1
Akwa Ibom,2
Akwa Ibom,0
Akwa Ibom,0
Akwa Ibom,0
Akwa Ibom,0
Akwa Ibom,2
Akwa Ibom,1
Akwa Ibom,4
Akwa Ibom,2
Akwa Ibom,0
Akwa Ibom,1
Akwa Ibom,2
Akwa Ibom,1
Akwa Ibom,3
Akwa Ibom,1
Anambra,0
Anambra,1
Anambra,1
Anambra,0
Anambra,0
Anambra,0
Anambra,0
Anambra,4
Anambra,4
Anambra,0
Anambra,0
Anambra,2
Anambra,0
Anambra,3
Anambra,0
Anambra,2
Anambra,2
Anambra,4
Anambra,3
Anambra,0
Anambra,2
Anambra,11
Anambra,28
Anambra,0
Anambra,0
Anambra,0
Anambra,1
Anambra,0
Anambra,3
Anambra,1
Anambra,0
Anambra,0
Anambra,1
Anambra,0
Anambra,1
Anambra,1
Anambra,2
Anambra,0
Anambra,0
Anambra,1
Anambra,1
Anambra,1
Anambra,15
Anambra,2
Anambra,1
Anambra,1
Anambra,0
Anambra,2
Anambra,1
Anambra,1
Anambra,5
Anambra,5
Anambra,0
Anambra,0
Anambra,2
Anambra,1
Anambra,0
Anambra,3
Anambra,0
Anambra,0
Anambra,6
Anambra,0
Anambra,1
Anambra,0
Anambra,0
Anambra,0
Anambra,0
Anambra,0
Anambra,0
Anambra,2
Anambra,6
Anambra,6
Anambra,1
Anambra,1
Anambra,1
Anambra,0
Anambra,2
Anambra,0
Anambra,5
Anambra,1
Anambra,3
Anambra,1
Anambra,5
Anambra,0
Anambra,2
Anambra,2
Anambra,12
Anambra,3
Anambra,2
Anambra,0
Anambra,3
Anambra,0
Anambra,2
Anambra,4
Anambra,0
Anambra,1
Anambra,10
Anambra,0
Anambra,1
Anambra,3
Anambra,1
Anambra,1
Anambra,2
Anambra,0
Anambra,1
Anambra,2
Anambra,1
Anambra,4
Anambra,1
Anambra,0
Anambra,1
Anambra,3
Anambra,2
Anambra,0
Anambra,0
Anambra,2
Anambra,2
Anambra,1
Anambra,1
Anambra,2
Anambra,0
Anambra,2
Anambra,3
Anambra,3
Anambra,6
Anambra,4
Anambra,0
Anambra,1
Anambra,0
Anambra,4
Anambra,3
Anambra,2
Anambra,4
Anambra,0
Anambra,1
Anambra,2
Anambra,1
Anambra,2
Anambra,3
Anambra,0
Anambra,3
Anambra,0
Anambra,5
Anambra,4
Anambra,19
Anambra,0
Anambra,2
Anambra,2
Anambra,2
Anambra,2
Anambra,5
Anambra,1
Anambra,3
Anambra,2
Anambra,4
Anambra,5
Anambra,0
Anambra,2
Anambra,1
Anambra,6
Anambra,5
Anambra,10
Anambra,2
Anambra,6
Anambra,6
Anambra,1
Anambra,2
Anambra,2
Anambra,3
Anambra,2
Anambra,1
Anambra,3
Anambra,3
Anambra,3
Anambra,6
Anambra,1
Anambra,3
Anambra,3
Anambra,4
Anambra,7
Anambra,4
Anambra,4
Anambra,6
Anambra,0
Anambra,0
Anambra,0
Anambra,2
Anambra,0
Anambra,1
Anambra,2
Anambra,2
Anambra,3
Anambra,3
Anambra,2
Anambra,4
Anambra,1
Anambra,1
Anambra,10
Anambra,1
Anambra,0
Anambra,10
Anambra,0
Anambra,2
Anambra,1
Bauchi,3
Bauchi,2
Bauchi,2
Bauchi,1
Bauchi,
Bauchi,2
Bauchi,0
Bauchi,0
Bauchi,0
Bauchi,2
Bauchi,1
Bauchi,1
Bauchi,1
Bauchi,11
Bauchi,1
Bauchi,1
Bauchi,3
Bauchi,3
Bauchi,2
Bauchi,2
Bauchi,17
Bauchi,1
Bauchi,1
Bauchi,16
Bauchi,0
Bauchi,31
Bauchi,0
Bauchi,6
Bauchi,20
Bauchi,1
Bauchi,15
Bauchi,0
Bauchi,0
Bauchi,0
Bauchi,1
Bauchi,1
Bauchi,1
Bauchi,0
Bauchi,40
Bauchi,0
Bauchi,0
Bauchi,0
Bauchi,0
Bauchi,9
Bauchi,1
Bauchi,45
Bauchi,0
Bauchi,3
Bauchi,0
Bauchi,0
Bauchi,5
Bauchi,1
Bauchi,3
Bauchi,3
Bauchi,7
Bauchi,5
Bauchi,4
Bauchi,2
Bauchi,3
Bauchi,4
Bauchi,4
Bauchi,1
Bauchi,3
Bauchi,0
Bauchi,5
Bauchi,1
Bauchi,3
Bauchi,1
Bauchi,6
Bauchi,1
Bauchi,0
Bauchi,2
Bauchi,1
Bauchi,0
Bauchi,10
Bauchi,1
Bauchi,2
Bauchi,1
Bauchi,0
Bauchi,0
Bauchi,2
Bauchi,0
Bauchi,0
Bauchi,1
Bauchi,2
Bauchi,0
Bauchi,10
Bauchi,1
Bauchi,0
Bayelsa,3
Bayelsa,13
Bayelsa,0
Bayelsa,0
Bayelsa,0
Bayelsa,5
Bayelsa,1
Bayelsa,1
Bayelsa,1
Bayelsa,0
Bayelsa,1
Bayelsa,0
Bayelsa,0
Bayelsa,0
Bayelsa,0
Bayelsa,0
Bayelsa,0
Bayelsa,0
Bayelsa,0
Bayelsa,1
Bayelsa,3
Bayelsa,3
Bayelsa,0
Bayelsa,2
Bayelsa,2
Bayelsa,0
Bayelsa,1
Bayelsa,0
Bayelsa,0
Bayelsa,0
Bayelsa,1
Bayelsa,0
Bayelsa,1
Bayelsa,0
Bayelsa,1
Bayelsa,1
Bayelsa,4
Bayelsa,0
Bayelsa,2
Bayelsa,1
Bayelsa,0
Bayelsa,3
Bayelsa,4
Bayelsa,0
Bayelsa,3
Bayelsa,0
Bayelsa,0
Bayelsa,1
Bayelsa,0
Bayelsa,0
Bayelsa,0
Bayelsa,0
Bayelsa,0
Bayelsa,0
Bayelsa,0
Bayelsa,1
Bayelsa,2
Bayelsa,0
Bayelsa,0
Bayelsa,0
Bayelsa,2
Bayelsa,5
Bayelsa,0
Bayelsa,0
Bayelsa,0
Bayelsa,0
Bayelsa,0
Bayelsa,1
Bayelsa,0
Bayelsa,0
Bayelsa,0
Bayelsa,0
Bayelsa,1
Bayelsa,0
Bayelsa,0
Bayelsa,1
Bayelsa,4
Bayelsa,0
Bayelsa,0
Bayelsa,3
Bayelsa,0
Bayelsa,6
Bayelsa,12
Bayelsa,0
Bayelsa,0
Bayelsa,0
Bayelsa,0
Bayelsa,0
Bayelsa,3
Bayelsa,2
Bayelsa,3
Bayelsa,0
Bayelsa,1
Bayelsa,1
Bayelsa,2
Bayelsa,4
Bayelsa,3
Bayelsa,3
Bayelsa,2
Bayelsa,0
Bayelsa,0
Bayelsa,15
Bayelsa,0
Bayelsa,0
Bayelsa,1
Bayelsa,0
Bayelsa,3
Bayelsa,0
Bayelsa,1
Bayelsa,0
Bayelsa,3
Bayelsa,0
Bayelsa,1
Bayelsa,0
Bayelsa,2
Bayelsa,0
Bayelsa,0
Bayelsa,2
Bayelsa,2
Bayelsa,0
Bayelsa,0
Bayelsa,2
Bayelsa,2
Bayelsa,2
Bayelsa,2
Bayelsa,1
Bayelsa,1
Bayelsa,0
Bayelsa,0
Bayelsa,1
Bayelsa,1
Bayelsa,1
Bayelsa,1
Bayelsa,0
Bayelsa,0
Bayelsa,1
Bayelsa,1
Bayelsa,1
Bayelsa,0
Bayelsa,2
Bayelsa,5
Bayelsa,1
Bayelsa,3
Bayelsa,2
Bayelsa,0
Bayelsa,1
Bayelsa,4
Bayelsa,0
Bayelsa,1
Bayelsa,1
Bayelsa,0
Bayelsa,0
Bayelsa,1
Bayelsa,1
Bayelsa,2
Bayelsa,1
Bayelsa,0
Bayelsa,0
Bayelsa,2
Bayelsa,1
Bayelsa,0
Bayelsa,1
Bayelsa,2
Bayelsa,0
Bayelsa,0
Bayelsa,3
Bayelsa,0
Bayelsa,1
Bayelsa,0
Bayelsa,1
Bayelsa,1
Bayelsa,0
Bayelsa,1
Bayelsa,5
Bayelsa,9
Bayelsa,0
Bayelsa,0
Bayelsa,4
Bayelsa,3
Bayelsa,0
Bayelsa,0
Bayelsa,0
Bayelsa,4
Bayelsa,0
Bayelsa,3
Bayelsa,1
Bayelsa,0
Bayelsa,0
Bayelsa,3
Bayelsa,1
Bayelsa,1
Bayelsa,1
Bayelsa,1
Bayelsa,2
Bayelsa,2
Bayelsa,0
Bayelsa,1
Bayelsa,0
Bayelsa,1
Bayelsa,4
Bayelsa,2
Bayelsa,0
Bayelsa,1
Bayelsa,2
Bayelsa,2
Bayelsa,0
Bayelsa,0
Bayelsa,2
Bayelsa,0
Bayelsa,1
Bayelsa,5
Bayelsa,4
Bayelsa,0
Bayelsa,2
Bayelsa,2
Bayelsa,2
Bayelsa,1
Bayelsa,1
Bayelsa,0
Bayelsa,0
Bayelsa,2
Bayelsa,8
Bayelsa,0
Bayelsa,2
Bayelsa,0
Bayelsa,2
Bayelsa,0
Bayelsa,0
Bayelsa,4
Bayelsa,3
Bayelsa,0
Bayelsa,0
Bayelsa,2
Bayelsa,1
Bayelsa,0
Bayelsa,0
Bayelsa,6
Bayelsa,0
Bayelsa,0
Bayelsa,2
Bayelsa,2
Bayelsa,1
Bayelsa,1
Bayelsa,0
Bayelsa,0
Bayelsa,1
Bayelsa,5
Bayelsa,3
Bayelsa,1
Bayelsa,2
Bayelsa,6
Bayelsa,4
Bayelsa,7
Bayelsa,1
Bayelsa,0
Bayelsa,1
Bayelsa,0
Bayelsa,0
Bayelsa,1
Bayelsa,5
Bayelsa,0
Bayelsa,0
Bayelsa,0
Bayelsa,1
Bayelsa,0
Bayelsa,0
Bayelsa,0
Bayelsa,0
Bayelsa,2
Bayelsa,1
Bayelsa,0
Bayelsa,4
Bayelsa,1
Bayelsa,1
Bayelsa,2
Bayelsa,1
Bayelsa,1
Bayelsa,1
Bayelsa,0
Bayelsa,1
Bayelsa,0
Bayelsa,0
Bayelsa,3
Bayelsa,2
Bayelsa,0
Bayelsa,0
Bayelsa,1
Bayelsa,1
Bayelsa,0
Bayelsa,4
Bayelsa,0
Bayelsa,0
Bayelsa,1
Bayelsa,0
Bayelsa,0
Benue,5
Benue,34
Benue,9
Benue,8
Benue,4
Benue,18
Benue,33
Benue,4
Benue,3
Benue,15
Benue,0
Benue,1
Benue,36
Benue,7
Benue,3
Benue,1
Benue,18
Benue,7
Benue,28
Benue,36
Benue,0
Benue,37
Benue,22
Benue,25
Benue,35
Benue,27
Benue,7
Benue,0
Benue,5
Benue,5
Benue,0
Benue,0
Benue,0
Benue,0
Benue,0
Benue,0
Benue,0
Benue,3
Benue,4
Benue,0
Benue,0
Benue,1
Benue,0
Benue,0
Benue,5
Benue,1
Benue,10
Benue,20
Benue,1
Benue,0
Benue,18
Benue,7
Benue,1
Benue,0
Benue,1
Benue,2
Benue,2
Benue,95
Benue,30
Benue,2
Benue,1
Benue,1
Benue,60
Benue,1
Benue,1
Benue,19
Benue,15
Benue,2
Benue,8
Benue,2
Benue,5
Benue,0
Benue,96
Benue,1
Benue,2
Benue,20
Benue,2
Benue,8
Benue,4
Benue,3
Benue,1
Benue,0
Benue,10
Benue,12
Benue,6
Benue,3
Benue,300
Benue,8
Benue,6
Benue,2
Benue,2
Benue,15
Benue,2
Benue,40
Benue,0
Benue,7
Benue,12
Benue,1
Benue,7
Benue,15
Benue,0
Benue,5
Benue,20
Benue,8
Benue,9
Benue,4
Benue,8
Benue,5
Benue,0
Benue,14
Benue,2
Benue,0
Benue,1
Benue,2
Benue,0
Benue,10
Benue,1
Benue,2
Benue,4
Benue,10
Benue,0
Benue,0
Benue,5
Benue,1
Benue,10
Benue,1
Benue,10
Benue,15
Benue,1
Benue,6
Benue,3
Benue,1
Benue,6
Benue,10
Benue,5
Benue,5
Benue,52
Benue,3
Benue,10
Benue,1
Benue,15
Benue,1
Benue,5
Benue,10
Benue,3
Benue,1
Benue,15
Benue,6
Benue,2
Benue,5
Benue,3
Benue,1
Benue,1
Benue,1
Benue,3
Benue,3
Benue,2
Benue,1
Benue,4
Benue,1
Benue,5
Benue,2
Benue,50
Benue,11
Benue,3
Benue,16
Benue,2
Benue,2
Benue,1
Benue,0
Benue,2
Benue,2
Benue,1
Benue,2
Benue,1
Benue,7
Benue,6
Benue,2
Benue,3
Benue,2
Benue,2
Benue,5
Benue,26
Benue,2
Benue,5
Benue,2
Benue,1
Benue,2
Benue,2
Benue,10
Benue,30
Benue,2
Benue,11
Benue,1
Benue,8
Benue,7
Benue,3
Benue,2
Benue,4
Benue,4
Benue,1
Benue,1
Benue,25
Benue,3
Benue,1
Benue,19
Benue,8
Benue,39
Benue,11
Benue,7
Benue,8
Benue,6
Benue,0
Benue,6
Benue,5
Benue,36
Benue,2
Benue,5
Benue,3
Benue,1
Benue,2
Benue,1
Benue,4
Benue,2
Benue,10
Benue,8
Benue,2
Benue,8
Benue,5
Benue,1
Benue,4
Benue,1
Benue,5
Benue,
Benue,2
Benue,0
Benue,2
Benue,3
Benue,1
Benue,40
Benue,12
Benue,3
Benue,15
Benue,5
Benue,5
Benue,8
Benue,6
Benue,0
Benue,5
Benue,13
Benue,3
Benue,3
Benue,1
Benue,1
Benue,17
Benue,14
Benue,7
Benue,4
Benue,5
Benue,1
Benue,1
Benue,0
Benue,16
Benue,0
Benue,0
Benue,2
Benue,4
Benue,3
Benue,6
Benue,3
Benue,1
Benue,0
Benue,1
Benue,17
Benue,2
Benue,2
Benue,16
Benue,0
Benue,2
Benue,0
Benue,1
Benue,20
Benue,10
Benue,0
Benue,5
Benue,7
Benue,15
Benue,1
Benue,2
Benue,0
Benue,11
Benue,5
Benue,5
Benue,1
Benue,4
Benue,0
Benue,5
Benue,25
Benue,1
Benue,2
Benue,4
Benue,3
Benue,3
Benue,1
Benue,0
Benue,0
Benue,9
Benue,0
Benue,1
Benue,0
Benue,0
Benue,3
Benue,0
Benue,2
Benue,9
Benue,3
Benue,1
Benue,2
Benue,1
Benue,0
Benue,1
Benue,0
Benue,1
Benue,0
Benue,0
Benue,0
Benue,2
Benue,5
Benue,0
Benue,9
Benue,0
Benue,1
Benue,1
Benue,5
Benue,3
Benue,7
Benue,1
Benue,9
Benue,1
Benue,1
Benue,2
Benue,1
Benue,1
Benue,1
Benue,3
Benue,1
Benue,1
Benue,3
Benue,0
Benue,2
Benue,1
Benue,2
Benue,6
Benue,4
Benue,0
Benue,0
Benue,2
Benue,13
Benue,5
Benue,6
Benue,17
Benue,7
Benue,10
Benue,2
Benue,1
Benue,2
Benue,2
Benue,6
Benue,2
Benue,9
Benue,1
Benue,1
Benue,0
Benue,13
Benue,0
Benue,1
Benue,1
Benue,5
Benue,0
Benue,2
Benue,2
Benue,0
Benue,3
Benue,1
Benue,3
Benue,0
Benue,4
Benue,3
Benue,3
Benue,2
Benue,1
Benue,5
Benue,2
Benue,2
Benue,2
Benue,3
Benue,0
Benue,2
Benue,1
Benue,3
Benue,2
Benue,1
Benue,0
Benue,1
Benue,1
Benue,1
Benue,1
Benue,1
Benue,1
Benue,1
Benue,1
Benue,0
Benue,4
Benue,3
Benue,1
Benue,4
Benue,1
Benue,2
Benue,3
Benue,12
Benue,70
Benue,11
Benue,12
Benue,11
Benue,2
Benue,2
Benue,2
Benue,17
Benue,0
Benue,7
Benue,2
Benue,3
Benue,5
Benue,19
Benue,6
Benue,0
Benue,4
Benue,4
Benue,9
Benue,100
Benue,36
Benue,7
Benue,5
Benue,2
Benue,30
Benue,6
Benue,5
Benue,11
Benue,14
Benue,2
Benue,0
Benue,10
Benue,30
Benue,13
Benue,0
Benue,0
Benue,3
Benue,1
Benue,4
Benue,3
Benue,2
Benue,15
Benue,8
Benue,2
Benue,0
Benue,4
Benue,1
Benue,2
Benue,9
Benue,2
Benue,1
Benue,4
Benue,1
Benue,7
Benue,2
Benue,1
Benue,3
Benue,1
Benue,1
Benue,2
Benue,2
Borno,2
Borno,1
Borno,13
Borno,9
Borno,15
Borno,50
Borno,1
Borno,0
Borno,10
Borno,3
Borno,3
Borno,1
Borno,17
Borno,23
Borno,20
Borno,8
Borno,5
Borno,25
Borno,27
Borno,20
Borno,12
Borno,60
Borno,14
Borno,
Borno,44
Borno,9
Borno,4
Borno,4
Borno,2
Borno,6
Borno,18
Borno,25
Borno,58
Borno,14
Borno,40
Borno,1
Borno,17
Borno,15
Borno,9
Borno,50
Borno,18
Borno,40
Borno,10
Borno,40
Borno,1
Borno,166
Borno,40
Borno,161
Borno,20
Borno,40
Borno,27
Borno,7
Borno,10
Borno,1
Borno,22
Borno,180
Borno,2
Borno,40
Borno,19
Borno,10
Borno,37
Borno,74
Borno,27
Borno,13
Borno,30
Borno,7
Borno,26
Borno,9
Borno,21
Borno,21
Borno,0
Borno,12
Borno,50
Borno,7
Borno,17
Borno,27
Borno,6
Borno,12
Borno,0
Borno,25
Borno,4
Borno,10
Borno,20
Borno,70
Borno,12
Borno,63
Borno,39
Borno,8
Borno,5
Borno,43
Borno,72
Borno,5
Borno,15
Borno,19
Borno,1
Borno,10
Borno,10
Borno,8
Borno,8
Borno,2
Borno,85
Borno,7
Borno,
Borno,5
Borno,4
Borno,67
Borno,0
Borno,
Borno,10
Borno,146
Borno,1
Borno,198
Borno,3
Borno,2
Borno,20
Borno,52
Borno,36
Borno,40
Borno,1
Borno,20
Borno,7
Borno,0
Borno,11
Borno,500
Borno,2
Borno,32
Borno,70
Borno,18
Borno,10
Borno,2002
Borno,21
Borno,0
Borno,25
Borno,45
Borno,8
Borno,60
Borno,15
Borno,8
Borno,30
Borno,8
Borno,2
Borno,18
Borno,2
Borno,2
Borno,44
Borno,0
Borno,2
Borno,6
Borno,0
Borno,336
Borno,30
Borno,0
Borno,60
Borno,200
Borno,15
Borno,0
Borno,2
Borno,1
Borno,40
Borno,0
Borno,29
Borno,2
Borno,30
Borno,20
Borno,29
Borno,5
Borno,5
Borno,20
Borno,25
Borno,29
Borno,9
Borno,40
Borno,9
Borno,1
Borno,43
Borno,49
Borno,4
Borno,5
Borno,400
Borno,45
Borno,0
Borno,50
Borno,5
Borno,25
Borno,8
Borno,70
Borno,40
Borno,31
Borno,41
Borno,52
Borno,53
Borno,56
Borno,0
Borno,56
Borno,15
Borno,7
Borno,73
Borno,12
Borno,45
Borno,15
Borno,27
Borno,0
Borno,45
Borno,9
Borno,100
Borno,0
Borno,0
Borno,12
Borno,4
Borno,3
Borno,0
Borno,24
Borno,12
Borno,1
Borno,52
Borno,30
Borno,22
Borno,10
Borno,28
Borno,40
Borno,16
Borno,3
Borno,11
Borno,20
Borno,14
Borno,29
Borno,70
Borno,40
Borno,180
Borno,0
Borno,50
Borno,20
Borno,3
Borno,150
Borno,17
Borno,250
Borno,150
Borno,36
Borno,21
Borno,51
Borno,3
Borno,2
Borno,7
Borno,2
Borno,6
Borno,8
Borno,8
Borno,25
Borno,5
Borno,1
Borno,17
Borno,21
Borno,3
Borno,14
Borno,18
Borno,45
Borno,30
Borno,3
Borno,0
Borno,0
Borno,45
Borno,48
Borno,0
Borno,40
Borno,20
Borno,78
Borno,30
Borno,40
Borno,6
Borno,70
Borno,20
Borno,19
Borno,35
Borno,10
Borno,75
Borno,113
Borno,82
Borno,15
Borno,9
Borno,0
Borno,100
Borno,100
Borno,20
Borno,24
Borno,5
Borno,42
Borno,
Borno,30
Borno,100
Borno,40
Borno,
Borno,0
Borno,
Borno,512
Borno,209
Borno,40
Borno,13
Borno,11
Borno,21
Borno,
Borno,302
Borno,5
Borno,0
Borno,37
Borno,
Borno,30
Borno,21
Borno,40
Borno,0
Borno,208
Borno,21
Borno,15
Borno,4
Borno,74
Borno,2
Borno,221
Borno,94
Borno,9
Borno,62
Borno,1
Borno,5
Borno,315
Borno,400
Borno,8
Borno,34
Borno,
Borno,100
Borno,50
Borno,
Borno,20
Borno,21
Borno,
Borno,2
Borno,40
Borno,0
Borno,25
Borno,52
Borno,209
Borno,20
Borno,5
Borno,30
Borno,60
Borno,20
Borno,21
Borno,2
Borno,12
Borno,2
Borno,10
Borno,
Borno,40
Borno,25
Borno,21
Borno,29
Borno,13
Borno,55
Borno,6
Borno,
Borno,21
Borno,40
Borno,41
Borno,43
Borno,30
Borno,7
Borno,13
Borno,26
Borno,1
Borno,50
Borno,2
Borno,18
Borno,3
Borno,2
Borno,16
Borno,3
Borno,0
Borno,19
Borno,208
Borno,3
Borno,43
Borno,4
Borno,63
Borno,30
Borno,20
Borno,20
Borno,5
Borno,48
Borno,2
Borno,118
Borno,12
Borno,11
Borno,61
Borno,29
Borno,5
Borno,8
Borno,11
Borno,4
Borno,7
Borno,2
Borno,30
Borno,15
Borno,20
Borno,2
Borno,8
Borno,25
Borno,18
Borno,20
Borno,29
Borno,0
Borno,8
Borno,13
Borno,
Borno,23
Borno,4
Borno,50
Borno,8
Borno,18
Borno,5
Borno,7
Borno,20
Borno,40
Borno,2
Borno,11
Borno,3
Borno,24
Borno,4
Borno,68
Borno,4
Borno,7
Borno,26
Borno,24
Borno,
Borno,5
Borno,53
Borno,30
Borno,117
Borno,27
Borno,20
Borno,5
Borno,20
Borno,1
Borno,19
Borno,20
Borno,20
Borno,2
Borno,7
Borno,35
Borno,26
Borno,1
Borno,20
Borno,28
Borno,5
Borno,4
Borno,30
Borno,4
Borno,2
Borno,0
Borno,4
Borno,10
Borno,4
Borno,9
Borno,5
Borno,26
Borno,14
Borno,0
Borno,8
Borno,11
Borno,3
Borno,7
Borno,5
Borno,3
Borno,8
Borno,0
Borno,40
Borno,14
Borno,30
Borno,34
Borno,2
Borno,5
Borno,15
Borno,20
Borno,3
Borno,9
Borno,9
Borno,70
Borno,16
Borno,10
Borno,52
Borno,26
Borno,10
Borno,3
Borno,20
Borno,3
Borno,8
Borno,20
Borno,4
Borno,10
Borno,3
Borno,40
Borno,16
Borno,86
Borno,5
Borno,100
Borno,6
Borno,
Borno,2
Borno,4
Borno,5
Borno,60
Borno,10
Borno,29
Borno,4
Borno,8
Borno,10
Borno,22
Borno,164
Borno,5
Borno,2
Borno,10
Borno,28
Borno,94
Borno,37
Borno,5
Borno,5
Borno,3
Borno,2
Borno,18
Borno,
Borno,1
Borno,40
Borno,17
Borno,15
Borno,5
Borno,27
Borno,2
Borno,19
Borno,7
Borno,59
Borno,5
Borno,2
Borno,5
Borno,4
Borno,29
Borno,35
Borno,9
Borno,30
Borno,5
Borno,5
Borno,7
Borno,28
Borno,22
Borno,30
Borno,6
Borno,9
Borno,1
Borno,5
Borno,30
Borno,7
Borno,4
Borno,9
Borno,9
Borno,18
Borno,1
Borno,8
Borno,2
Borno,1
Borno,13
Borno,2
Borno,4
Borno,19
Borno,3
Borno,9
Borno,3
Borno,10
Borno,4
Borno,6
Borno,4
Borno,6
Borno,2
Borno,15
Borno,2
Borno,0
Borno,11
Borno,2
Borno,2
Borno,1
Borno,3
Borno,1
Borno,11
Borno,3
Borno,25
Borno,27
Borno,2
Borno,5
Borno,12
Borno,42
Borno,40
Borno,2
Borno,0
Borno,2
Borno,5
Borno,16
Borno,5
Borno,3
Borno,3
Borno,300
Borno,7
Borno,0
Borno,0
Borno,6
Borno,2
Borno,4
Borno,1
Borno,1
Borno,7
Borno,8
Borno,6
Borno,4
Borno,60
Borno,17
Borno,26
Borno,7
Borno,3
Borno,9
Borno,2
Borno,1
Borno,6
Borno,2
Borno,18
Borno,20
Borno,0
Borno,9
Borno,22
Borno,1
Borno,8
Borno,2
Borno,6
Borno,21
Borno,2
Borno,38
Borno,6
Borno,14
Borno,3
Borno,9
Borno,2
Borno,13
Borno,6
Borno,1
Borno,7
Borno,11
Borno,2
Borno,5
Borno,0
Borno,30
Borno,14
Borno,22
Borno,9
Borno,2
Borno,
Borno,1
Borno,2
Borno,2
Borno,2
Borno,
Borno,2
Borno,15
Borno,15
Borno,1
Borno,8
Borno,2
Borno,13
Borno,13
Borno,5
Borno,236
Borno,15
Borno,0
Borno,8
Borno,1
Borno,3
Borno,7
Borno,20
Borno,2
Borno,1
Borno,9
Borno,1
Borno,37
Borno,1
Borno,8
Borno,1
Borno,1
Borno,40
Borno,11
Borno,4
Borno,47
Borno,3
Borno,0
Borno,20
Borno,3
Borno,2
Borno,1
Borno,20
Borno,4
Borno,6
Borno,1
Borno,5
Borno,7
Borno,9
Borno,10
Borno,0
Borno,3
Borno,2
Borno,1
Borno,0
Borno,1
Borno,3
Borno,2
Borno,2
Borno,7
Borno,4
Borno,0
Borno,2
Borno,8
Borno,2
Borno,21
Borno,6
Borno,5
Borno,3
Borno,3
Borno,4
Borno,1
Borno,5
Borno,2
Borno,15
Borno,6
Borno,5
Borno,3
Borno,7
Borno,4
Borno,5
Borno,10
Borno,5
Borno,3
Borno,3
Borno,9
Borno,1
Borno,4
Borno,4
Borno,13
Borno,3
Borno,5
Borno,1
Borno,0
Borno,17
Borno,4
Borno,15
Borno,3
Borno,5
Borno,40
Borno,17
Borno,3
Borno,3
Borno,16
Borno,170
Borno,5
Borno,6
Borno,4
Borno,5
Borno,20
Borno,4
Borno,0
Borno,2
Borno,3
Borno,23
Borno,6
Borno,1
Borno,2
Borno,9
Borno,0
Borno,1
Borno,1
Borno,3
Borno,4
Borno,7
Borno,1
Borno,10
Borno,59
Borno,10
Borno,3
Borno,5
Borno,14
Borno,3
Borno,3
Borno,3
Borno,14
Borno,31
Borno,2
Borno,6
Borno,4
Borno,2
Borno,31
Borno,10
Borno,3
Borno,6
Borno,6
Borno,15
Borno,12
Borno,5
Borno,0
Borno,1
Borno,18
Borno,5
Borno,4
Borno,6
Borno,2
Borno,0
Borno,2
Borno,7
Borno,10
Borno,5
Borno,18
Borno,18
Borno,9
Borno,7
Borno,2
Borno,3
Borno,2
Borno,2
Borno,4
Borno,4
Borno,2
Borno,4
Borno,16
Borno,4
Borno,6
Borno,3
Borno,1
Borno,3
Borno,6
Borno,3
Borno,20
Borno,16
Borno,12
Borno,0
Borno,5
Borno,3
Borno,6
Borno,2
Borno,24
Borno,6
Borno,1
Borno,24
Borno,5
Borno,4
Borno,2
Borno,6
Borno,18
Borno,6
Borno,6
Borno,1
Borno,4
Borno,14
Borno,4
Borno,3
Borno,4
Borno,17
Borno,8
Borno,2
Borno,10
Borno,4
Borno,2
Borno,16
Borno,10
Borno,20
Borno,2
Borno,1
Borno,4
Borno,8
Borno,25
Borno,0
Borno,14
Borno,1
Borno,10
Borno,111
Borno,1
Borno,14
Borno,1
Borno,7
Borno,5
Borno,0
Borno,6
Borno,2
Borno,2
Borno,3
Borno,10
Borno,22
Borno,0
Borno,0
Borno,1
Borno,5
Borno,1
Borno,2
Borno,37
Borno,7
Borno,15
Borno,4
Borno,2
Borno,3
Borno,4
Borno,3
Borno,4
Borno,2
Borno,1
Borno,5
Borno,4
Borno,28
Borno,3
Borno,2
Borno,1
Borno,3
Borno,2
Borno,2
Borno,3
Borno,3
Borno,2
Borno,5
Borno,9
Borno,5
Borno,18
Borno,3
Borno,3
Borno,6
Borno,5
Borno,40
Borno,10
Borno,4
Borno,1
Borno,7
Borno,2
Borno,2
Borno,1
Borno,6
Borno,11
Borno,4
Borno,10
Borno,5
Borno,2
Borno,5
Borno,1
Borno,3
Borno,10
Borno,10
Borno,1
Borno,3
Borno,1
Borno,1
Borno,3
Borno,23
Borno,5
Borno,43
Borno,9
Borno,2
Borno,7
Borno,5
Borno,7
Borno,2
Borno,4
Borno,4
Borno,6
Borno,5
Borno,0
Borno,15
Borno,23
Borno,5
Borno,32
Borno,27
Borno,9
Borno,7
Borno,9
Borno,30
Borno,5
Borno,5
Borno,5
Borno,2
Borno,7
Borno,7
Borno,17
Borno,0
Borno,4
Borno,25
Borno,40
Borno,3
Borno,3
Borno,3
Borno,48
Borno,5
Borno,40
Borno,2
Borno,14
Borno,20
Borno,5
Borno,8
Borno,40
Borno,5
Borno,0
Borno,50
Borno,10
Borno,25
Borno,5
Borno,1
Borno,9
Borno,0
Borno,14
Borno,20
Borno,0
Borno,1
Borno,5
Borno,94
Borno,3
Borno,56
Borno,40
Borno,5
Borno,2
Borno,12
Borno,2
Borno,2
Borno,5
Borno,2
Borno,41
Borno,15
Borno,5
Borno,8
Borno,5
Borno,9
Borno,5
Borno,2
Borno,0
Borno,1
Borno,2
Borno,16
Borno,0
Borno,1
Borno,3
Borno,1
Borno,5
Borno,1
Borno,0
Borno,118
Borno,9
Borno,1
Borno,5
Borno,4
Borno,3
Borno,20
Borno,8
Borno,1
Borno,2
Borno,10
Borno,1
Borno,1
Borno,5
Borno,0
Borno,5
Borno,2
Borno,1
Borno,30
Borno,4
Borno,2
Borno,5
Borno,1
Borno,0
Borno,5
Borno,1
Borno,2
Borno,4
Borno,11
Borno,3
Borno,5
Borno,1
Borno,6
Borno,2
Borno,100
Borno,8
Borno,82
Borno,0
Borno,0
Borno,12
Borno,3
Borno,5
Borno,0
Borno,18
Borno,100
Borno,2
Borno,8
Borno,1
Borno,4
Borno,5
Borno,30
Borno,4
Borno,60
Borno,5
Borno,4
Borno,3
Borno,42
Borno,11
Borno,3
Borno,6
Borno,17
Borno,4
Borno,18
Borno,5
Borno,10
Borno,10
Borno,1
Borno,5
Borno,40
Borno,24
Borno,10
Borno,5
Borno,1
Borno,6
Borno,40
Borno,40
Borno,23
Borno,5
Borno,39
Borno,8
Borno,4
Borno,13
Borno,2
Borno,1
Borno,7
Borno,0
Borno,5
Borno,13
Borno,5
Borno,40
Borno,11
Borno,5
Borno,0
Borno,4
Borno,27
Borno,0
Borno,54
Borno,69
Borno,3
Borno,5
Borno,5
Borno,14
Borno,24
Borno,55
Borno,11
Borno,7
Borno,15
Borno,4
Borno,3
Borno,12
Borno,0
Borno,25
Borno,10
Borno,28
Borno,40
Borno,2
Borno,7
Borno,0
Borno,10
Borno,2
Borno,1
Borno,5
Borno,0
Borno,20
Borno,40
Borno,10
Borno,9
Borno,1
Borno,10
Borno,21
Borno,0
Borno,33
Borno,10
Borno,25
Borno,5
Borno,43
Borno,2
Borno,3
Borno,20
Borno,9
Borno,7
Borno,10
Borno,2
Borno,23
Borno,5
Borno,10
Borno,18
Borno,1
Borno,2
Borno,0
Borno,65
Borno,72
Borno,25
Borno,10
Borno,40
Borno,5
Borno,5
Borno,40
Borno,24
Borno,26
Borno,40
Borno,3
Borno,4
Borno,1
Borno,20
Borno,20
Borno,0
Borno,10
Borno,40
Borno,4
Borno,2
Borno,11
Borno,8
Borno,4
Borno,43
Borno,0
Borno,40
Borno,10
Borno,10
Borno,0
Borno,1
Borno,10
Borno,3
Borno,9
Borno,5
Borno,3
Borno,10
Borno,0
Borno,7
Borno,0
Borno,7
Borno,0
Borno,0
Borno,24
Borno,10
Borno,1
Borno,14
Borno,20
Borno,7
Borno,2
Borno,17
Borno,18
Borno,5
Borno,2
Borno,4
Borno,27
Borno,1
Borno,2
Borno,0
Borno,2
Borno,16
Borno,0
Borno,7
Borno,40
Borno,3
Borno,40
Borno,7
Borno,5
Borno,10
Borno,10
Borno,3
Borno,4
Borno,19
Borno,5
Borno,0
Borno,5
Borno,0
Borno,10
Borno,3
Borno,3
Borno,1
Borno,30
Borno,13
Borno,3
Borno,0
Borno,8
Borno,1
Borno,3
Borno,30
Borno,15
Borno,4
Borno,10
Borno,19
Borno,0
Borno,0
Borno,10
Borno,4
Borno,9
Borno,3
Borno,48
Borno,6
Borno,11
Borno,1
Borno,3
Borno,1
Borno,1
Borno,10
Borno,0
Borno,40
Borno,3
Borno,10
Borno,10
Borno,32
Borno,10
Borno,1
Borno,3
Borno,20
Borno,23
Borno,0
Borno,5
Borno,3
Borno,15
Borno,17
Borno,18
Borno,4
Borno,0
Borno,1
Borno,18
Borno,10
Borno,10
Borno,5
Borno,20
Borno,3
Borno,0
Borno,4
Borno,3
Borno,5
Borno,5
Borno,1
Borno,10
Borno,30
Borno,10
Borno,3
Borno,1
Borno,8
Borno,0
Borno,0
Borno,10
Borno,0
Borno,0
Borno,10
Borno,5
Borno,0
Borno,0
Borno,5
Borno,10
Borno,25
Borno,10
Borno,22
Borno,10
Borno,10
Borno,10
Borno,40
Borno,10
Borno,10
Borno,9
Borno,10
Borno,220
Borno,40
Borno,0
Borno,10
Borno,5
Borno,6
Borno,10
Borno,10
Borno,7
Borno,10
Borno,19
Borno,2
Borno,40
Borno,3
Borno,8
Borno,10
Borno,10
Borno,17
Borno,10
Borno,10
Borno,1
Borno,4
Borno,5
Borno,2
Borno,10
Borno,2
Borno,10
Borno,78
Borno,56
Borno,4
Borno,0
Borno,7
Borno,20
Borno,50
Borno,14
Borno,10
Borno,20
Borno,20
Borno,0
Borno,12
Borno,75
Borno,2
Borno,1
Borno,4
Borno,4
Borno,0
Borno,10
Borno,6
Borno,6
Borno,5
Borno,10
Borno,81
Borno,10
Borno,4
Borno,2
Borno,61
Borno,40
Borno,31
Borno,1
Borno,13
Borno,10
Borno,10
Borno,6
Borno,0
Borno,5
Borno,40
Borno,30
Borno,10
Borno,0
Borno,40
Borno,12
Borno,10
Borno,10
Borno,1
Borno,54
Borno,20
Borno,15
Borno,8
Borno,4
Borno,10
Borno,10
Borno,3
Borno,5
Borno,10
Borno,3
Borno,0
Borno,1
Borno,7
Borno,3
Borno,13
Borno,5
Borno,10
Borno,10
Borno,3
Borno,10
Borno,10
Borno,13
Borno,10
Borno,20
Borno,11
Borno,10
Borno,15
Borno,2
Borno,2
Borno,29
Borno,10
Borno,10
Borno,7
Borno,5
Borno,5
Borno,2
Borno,5
Borno,0
Borno,8
Borno,3
Borno,3
Borno,27
Borno,10
Borno,10
Borno,10
Borno,40
Borno,30
Borno,10
Borno,0
Borno,10
Borno,10
Borno,10
Borno,14
Borno,10
Borno,14
Borno,10
Borno,10
Borno,6
Borno,10
Borno,14
Borno,10
Borno,8
Borno,2
Borno,28
Borno,3
Borno,12
Borno,9
Borno,20
Borno,1
Borno,2
Borno,1
Borno,10
Borno,10
Borno,2
Borno,10
Borno,5
Borno,3
Borno,6
Borno,8
Borno,1
Borno,10
Borno,24
Borno,2
Borno,10
Borno,2
Borno,2
Borno,1
Borno,110
Borno,10
Borno,0
Borno,10
Borno,4
Borno,2
Borno,10
Borno,7
Borno,0
Borno,10
Borno,21
Borno,5
Borno,4
Borno,5
Borno,4
Borno,5
Borno,10
Borno,11
Borno,3
Borno,10
Borno,10
Borno,4
Borno,7
Borno,3
Borno,10
Borno,10
Borno,20
Borno,0
Borno,7
Borno,10
Borno,10
Borno,10
Borno,11
Borno,7
Borno,10
Borno,10
Borno,10
Borno,5
Borno,40
Borno,6
Borno,5
Borno,3
Borno,2
Borno,7
Borno,4
Borno,3
Borno,10
Borno,19
Borno,31
Borno,4
Borno,2
Borno,3
Borno,82
Borno,10
Borno,0
Borno,1
Borno,20
Borno,0
Borno,6
Borno,40
Borno,16
Borno,14
Borno,0
Borno,0
Borno,0
Borno,10
Borno,1
Borno,5
Borno,3
Borno,13
Borno,35
Borno,10
Borno,10
Borno,33
Borno,6
Borno,44
Borno,22
Borno,41
Borno,6
Borno,5
Borno,5
Borno,12
Borno,0
Borno,48
Borno,0
Borno,1
Borno,8
Borno,11
Borno,19
Borno,3
Borno,18
Borno,13
Borno,20
Borno,33
Borno,20
Borno,
Borno,3
Borno,1
Borno,8
Borno,30
Borno,9
Borno,40
Borno,20
Borno,0
Borno,10
Borno,7
Borno,50
Borno,6
Borno,10
Borno,6
Borno,20
Borno,0
Borno,39
Borno,7
Borno,0
Borno,31
Borno,6
Borno,5
Borno,3
Borno,0
Borno,13
Borno,0
Borno,40
Borno,1
Borno,0
Borno,5
Borno,27
Borno,4
Borno,26
Borno,6
Borno,0
Borno,27
Borno,24
Borno,30
Borno,50
Borno,0
Borno,1
Borno,10
Borno,23
Borno,38
Borno,40
Borno,2
Borno,37
Borno,0
Borno,3
Borno,0
Borno,0
Borno,4
Borno,4
Borno,40
Borno,62
Borno,11
Borno,5
Borno,12
Borno,0
Borno,0
Borno,31
Borno,0
Borno,0
Borno,0
Borno,40
Borno,3
Borno,0
Borno,25
Borno,100
Borno,5
Borno,20
Borno,28
Borno,10
Borno,3
Borno,40
Borno,2
Borno,0
Borno,4
Borno,5
Borno,2
Cross River,4
Cross River,2
Cross River,0
Cross River,5
Cross River,0
Cross River,1
Cross River,4
Cross River,0
Cross River,1
Cross River,0
Cross River,0
Cross River,3
Cross River,0
Cross River,0
Cross River,1
Cross River,0
Cross River,0
Cross River,2
Cross River,24
Cross River,2
Cross River,0
Cross River,5
Cross River,1
Cross River,0
Cross River,7
Cross River,0
Cross River,0
Cross River,0
Cross River,2
Cross River,8
Cross River,7
Cross River,3
Cross River,5
Cross River,3
Cross River,0
Cross River,1
Cross River,10
Cross River,0
Cross River,10
Cross River,0
Cross River,20
Cross River,0
Cross River,2
Cross River,3
Cross River,0
Cross River,8
Cross River,10
Cross River,0
Cross River,0
Cross River,10
Cross River,0
Cross River,1
Cross River,3
Cross River,3
Cross River,8
Cross River,150
Cross River,0
Cross River,0
Cross River,0
Cross River,5
Cross River,1
Cross River,0
Cross River,1
Cross River,2
Cross River,1
Cross River,1
Cross River,0
Cross River,3
Cross River,6
Cross River,2
Cross River,1
Cross River,0
Cross River,0
Cross River,0
Cross River,1
Cross River,11
Cross River,3
Cross River,3
Cross River,2
Cross River,5
Cross River,1
Cross River,11
Cross River,1
Cross River,1
Cross River,4
Cross River,5
Cross River,6
Cross River,1
Cross River,3
Cross River,3
Cross River,0
Cross River,5
Cross River,1
Cross River,12
Cross River,0
Cross River,5
Cross River,24
Cross River,1
Cross River,5
Cross River,1
Cross River,0
Cross River,1
Cross River,4
Cross River,2
Cross River,10
Cross River,3
Cross River,0
Cross River,0
Cross River,1
Cross River,2
Cross River,0
Cross River,1
Cross River,2
Cross River,3
Cross River,0
Cross River,0
Cross River,0
Cross River,0
Cross River,1
Cross River,1
Cross River,7
Cross River,1
Cross River,0
Cross River,12
Cross River,0
Cross River,0
Cross River,0
Cross River,0
Cross River,0
Cross River,1
Cross River,2
Cross River,0
Cross River,1
Cross River,5
Cross River,3
Cross River,1
Cross River,15
Cross River,1
Cross River,0
Cross River,1
Cross River,5
Cross River,0
Cross River,2
Cross River,0
Cross River,0
Cross River,1
Cross River,5
Cross River,10
Cross River,0
Cross River,0
Cross River,1
Cross River,1
Cross River,1
Cross River,0
Cross River,3
Cross River,1
Cross River,3
Cross River,4
Cross River,0
Cross River,4
Cross River,6
Cross River,0
Cross River,0
Cross River,0
Cross River,15
Cross River,4
Cross River,0
Cross River,10
Cross River,0
Cross River,0
Cross River,3
Cross River,1
Cross River,1
Cross River,0
Cross River,0
Cross River,5
Cross River,1
Cross River,0
Cross River,1
Cross River,0
Delta,12
Delta,0
Delta,1
Delta,1
Delta,0
Delta,2
Delta,0
Delta,0
Delta,2
Delta,1
Delta,0
Delta,0
Delta,0
Delta,1
Delta,2
Delta,0
Delta,2
Delta,0
Delta,3
Delta,2
Delta,0
Delta,1
Delta,1
Delta,4
Delta,0
Delta,0
Delta,3
Delta,1
Delta,2
Delta,2
Delta,1
Delta,0
Delta,1
Delta,5
Delta,1
Delta,0
Delta,2
Delta,1
Delta,3
Delta,0
Delta,3
Delta,1
Delta,5
Delta,0
Delta,0
Delta,2
Delta,0
Delta,2
Delta,0
Delta,0
Delta,0
Delta,0
Delta,1
Delta,0
Delta,0
Delta,0
Delta,2
Delta,0
Delta,2
Delta,
Delta,0
Delta,0
Delta,3
Delta,0
Delta,2
Delta,0
Delta,0
Delta,
Delta,7
Delta,0
Delta,7
Delta,2
Delta,0
Delta,0
Delta,0
Delta,1
Delta,0
Delta,1
Delta,0
Delta,0
Delta,5
Delta,0
Delta,0
Delta,1
Delta,0
Delta,0
Delta,0
Delta,0
Delta,0
Delta,0
Delta,0
Delta,4
Delta,0
Delta,0
Delta,0
Delta,0
Delta,0
Delta,0
Delta,0
Delta,0
Delta,2
Delta,0
Delta,0
Delta,0
Delta,
Delta,0
Delta,0
Delta,0
Delta,1
Delta,1
Delta,0
Delta,1
Delta,5
Delta,5
Delta,1
Delta,0
Delta,0
Delta,1
Delta,
Delta,
Delta,0
Delta,0
Delta,5
Delta,0
Delta,1
Delta,0
Delta,2
Delta,0
Delta,0
Delta,1
Delta,1
Delta,1
Delta,1
Delta,1
Delta,0
Delta,0
Delta,0
Delta,1
Delta,4
Delta,0
Delta,7
Delta,2
Delta,5
Delta,4
Delta,0
Delta,0
Delta,5
Delta,0
Delta,1
Delta,0
Delta,0
Delta,1
Delta,1
Delta,1
Delta,2
Delta,1
Delta,0
Delta,1
Delta,0
Delta,0
Delta,1
Delta,0
Delta,0
Delta,2
Delta,1
Delta,0
Delta,0
Delta,1
Delta,2
Delta,1
Delta,0
Delta,1
Delta,1
Delta,7
Delta,6
Delta,4
Delta,0
Delta,0
Delta,1
Delta,0
Delta,1
Delta,1
Delta,2
Delta,0
Delta,1
Delta,4
Delta,1
Delta,0
Delta,1
Delta,0
Delta,1
Delta,0
Delta,2
Delta,0
Delta,1
Delta,0
Delta,2
Delta,0
Delta,0
Delta,0
Delta,1
Delta,0
Delta,1
Delta,2
Delta,1
Delta,1
Delta,5
Delta,1
Delta,1
Delta,1
Delta,0
Delta,0
Delta,1
Delta,4
Delta,1
Delta,2
Delta,1
Delta,1
Delta,1
Delta,0
Delta,0
Delta,0
Delta,1
Delta,3
Delta,2
Delta,1
Delta,1
Delta,0
Delta,0
Delta,1
Delta,0
Delta,1
Delta,0
Delta,1
Delta,0
Delta,1
Delta,2
Delta,2
Delta,1
Delta,0
Delta,0
Delta,1
Delta,9
Delta,0
Delta,0
Delta,0
Delta,1
Delta,0
Delta,1
Delta,1
Delta,0
Delta,1
Delta,0
Delta,1
Delta,1
Delta,2
Delta,1
Delta,1
Delta,0
Delta,1
Delta,2
Delta,0
Delta,1
Delta,3
Delta,2
Delta,2
Delta,0
Delta,1
Delta,4
Delta,3
Delta,0
Delta,1
Delta,0
Delta,4
Delta,4
Delta,5
Delta,0
Delta,2
Delta,0
Delta,2
Delta,3
Delta,2
Delta,1
Delta,1
Delta,2
Delta,1
Delta,0
Delta,1
Delta,0
Delta,0
Delta,0
Delta,1
Delta,1
Delta,1
Delta,1
Delta,1
Delta,1
Delta,0
Delta,0
Delta,2
Delta,1
Delta,1
Delta,2
Delta,0
Delta,0
Delta,4
Delta,1
Delta,0
Delta,0
Delta,4
Delta,0
Delta,1
Delta,1
Delta,0
Delta,1
Delta,2
Delta,1
Delta,3
Delta,1
Delta,14
Delta,1
Delta,4
Delta,3
Delta,0
Delta,0
Delta,3
Delta,1
Delta,2
Delta,1
Delta,1
Delta,1
Delta,0
Delta,0
Delta,2
Delta,1
Delta,0
Delta,1
Delta,1
Delta,2
Delta,3
Delta,1
Delta,2
Delta,0
Delta,0
Delta,1
Delta,0
Delta,7
Delta,0
Delta,0
Delta,0
Delta,1
Delta,2
Delta,1
Delta,0
Delta,1
Delta,1
Delta,1
Delta,1
Delta,1
Delta,2
Delta,1
Delta,0
Delta,1
Delta,0
Delta,2
Delta,1
Delta,1
Delta,0
Delta,1
Delta,0
Delta,1
Delta,1
Delta,0
Delta,3
Delta,0
Delta,2
Delta,2
Delta,0
Delta,1
Delta,1
Delta,1
Delta,9
Delta,3
Delta,0
Delta,0
Delta,0
Delta,4
Delta,0
Delta,0
Delta,0
Delta,1
Delta,2
Delta,7
Delta,0
Delta,1
Delta,4
Delta,2
Delta,0
Delta,1
Delta,1
Delta,3
Delta,1
Delta,0
Delta,3
Delta,2
Delta,5
Delta,1
Delta,1
Delta,2
Delta,2
Delta,1
Delta,1
Delta,1
Delta,2
Delta,4
Delta,0
Delta,0
Delta,0
Delta,3
Delta,1
Delta,1
Delta,1
Delta,0
Delta,1
Delta,0
Delta,1
Delta,0
Delta,0
Delta,2
Delta,1
Delta,1
Delta,4
Delta,1
Delta,1
Delta,1
Delta,0
Delta,2
Delta,0
Delta,0
Delta,0
Delta,0
Delta,5
Delta,1
Delta,0
Delta,1
Delta,1
Delta,1
Delta,2
Delta,1
Delta,1
Delta,1
Delta,1
Delta,0
Delta,1
Delta,2
Delta,1
Delta,0
Delta,0
Delta,1
Delta,1
Delta,3
Delta,1
Delta,1
Delta,1
Delta,6
Delta,4
Delta,0
Delta,2
Delta,1
Delta,1
Delta,1
Delta,0
Delta,1
Delta,3
Delta,1
Delta,0
Delta,1
Delta,3
Delta,3
Delta,1
Delta,0
Delta,4
Delta,0
Delta,1
Delta,5
Delta,1
Delta,2
Delta,0
Delta,1
Delta,0
Delta,1
Delta,1
Delta,1
Delta,0
Delta,2
Delta,1
Delta,1
Delta,6
Delta,3
Delta,1
Delta,2
Delta,0
Delta,1
Delta,3
Delta,1
Delta,2
Delta,2
Delta,0
Delta,5
Delta,3
Delta,1
Delta,3
Delta,1
Delta,1
Delta,1
Delta,1
Delta,1
Delta,3
Delta,0
Delta,4
Delta,3
Delta,5
Delta,1
Delta,0
Delta,1
Delta,1
Delta,2
Delta,0
Delta,0
Delta,1
Delta,0
Delta,1
Delta,0
Delta,1
Delta,1
Delta,2
Delta,1
Delta,0
Delta,1
Delta,1
Delta,1
Delta,5
Delta,1
Delta,2
Delta,1
Delta,0
Delta,1
Delta,0
Delta,0
Diffa,114
Diffa,10
Diffa,5
Diffa,2
Diffa,2
Diffa,4
Diffa,40
Diffa,15
Diffa,4
Diffa,48
Diffa,15
Diffa,2
Diffa,10
Diffa,3
Diffa,3
Diffa,14
Diffa,
Diffa,25
Diffa,38
Diffa,8
Diffa,6
Diffa,5
Diffa,6
Diffa,6
Diffa,12
Diffa,37
Diffa,130
Diffa,7
Diffa,5
Diffa,35
Diffa,38
Diffa,2
Diffa,57
Diffa,4
Diffa,9
Diffa,12
Diffa,2
Diffa,5
Diffa,10
Diffa,10
Diffa,8
Diffa,0
Diffa,280
Diffa,4
Diffa,6
Diffa,45
Diffa,8
Diffa,7
Diffa,12
Diffa,5
Diffa,12
Diffa,12
Diffa,6
Diffa,8
Diffa,0
Diffa,25
Diffa,19
Diffa,30
Diffa,4
Diffa,11
Diffa,66
Ebonyi,0
Ebonyi,1
Ebonyi,1
Ebonyi,1
Ebonyi,4
Ebonyi,0
Ebonyi,0
Ebonyi,1
Ebonyi,1
Ebonyi,0
Ebonyi,0
Ebonyi,2
Ebonyi,1
Ebonyi,6
Ebonyi,1
Ebonyi,1
Ebonyi,1
Ebonyi,0
Ebonyi,0
Ebonyi,0
Ebonyi,3
Ebonyi,1
Ebonyi,1
Ebonyi,1
Ebonyi,0
Ebonyi,2
Ebonyi,1
Ebonyi,2
Ebonyi,8
Ebonyi,1
Ebonyi,19
Ebonyi,2
Ebonyi,0
Ebonyi,3
Ebonyi,1
Ebonyi,3
Ebonyi,9
Ebonyi,1
Ebonyi,0
Ebonyi,3
Ebonyi,4
Ebonyi,1
Ebonyi,9
Ebonyi,1
Ebonyi,0
Ebonyi,5
Ebonyi,0
Ebonyi,1
Ebonyi,0
Ebonyi,0
Ebonyi,4
Ebonyi,1
Ebonyi,1
Ebonyi,1
Ebonyi,0
Ebonyi,13
Ebonyi,1
Ebonyi,1
Ebonyi,5
Ebonyi,0
Ebonyi,1
Ebonyi,2
Ebonyi,2
Ebonyi,0
Ebonyi,1
Ebonyi,15
Ebonyi,0
Ebonyi,1
Ebonyi,2
Ebonyi,1
Ebonyi,10
Ebonyi,0
Ebonyi,0
Ebonyi,1
Ebonyi,1
Ebonyi,9
Ebonyi,0
Ebonyi,1
Ebonyi,1
Ebonyi,2
Ebonyi,1
Ebonyi,0
Ebonyi,0
Ebonyi,4
Ebonyi,1
Ebonyi,2
Ebonyi,2
Ebonyi,4
Ebonyi,2
Ebonyi,2
Ebonyi,0
Ebonyi,2
Ebonyi,1
Ebonyi,0
Ebonyi,0
Ebonyi,1
Ebonyi,0
Ebonyi,2
Ebonyi,1
Ebonyi,3
Ebonyi,1
Ebonyi,0
Ebonyi,1
Ebonyi,9
Ebonyi,3
Ebonyi,1
Ebonyi,1
Ebonyi,40
Ebonyi,0
Ebonyi,25
Ebonyi,0
Ebonyi,7
Ebonyi,15
Ebonyi,20
Ebonyi,3
Ebonyi,0
Ebonyi,1
Ebonyi,15
Ebonyi,3
Ebonyi,2
Ebonyi,1
Ebonyi,3
Ebonyi,0
Ebonyi,1
Ebonyi,3
Ebonyi,1
Ebonyi,1
Ebonyi,0
Ebonyi,0
Ebonyi,2
Ebonyi,0
Ebonyi,52
Ebonyi,10
Ebonyi,5
Ebonyi,0
Ebonyi,2
Ebonyi,4
Ebonyi,1
Ebonyi,2
Ebonyi,2
Ebonyi,12
Ebonyi,1
Ebonyi,5
Ebonyi,2
Ebonyi,3
Ebonyi,5
Ebonyi,17
Ebonyi,0
Ebonyi,0
Ebonyi,1
Ebonyi,1
Ebonyi,4
Ebonyi,1
Ebonyi,1
Edo,1
Edo,0
Edo,0
Edo,
Edo,1
Edo,0
Edo,0
Edo,10
Edo,0
Edo,4
Edo,1
Edo,2
Edo,2
Edo,0
Edo,5
Edo,6
Edo,1
Edo,4
Edo,2
Edo,2
Edo,4
Edo,1
Edo,1
Edo,4
Edo,0
Edo,1
Edo,0
Edo,1
Edo,0
Edo,2
Edo,1
Edo,2
Edo,2
Edo,1
Edo,1
Edo,7
Edo,5
Edo,2
Edo,2
Edo,2
Edo,1
Edo,5
Edo,4
Edo,0
Edo,0
Edo,2
Edo,0
Edo,3
Edo,1
Edo,1
Edo,7
Edo,0
Edo,2
Edo,1
Edo,0
Edo,0
Edo,2
Edo,1
Edo,1
Edo,2
Edo,1
Edo,0
Edo,1
Edo,0
Edo,1
Edo,1
Edo,3
Edo,1
Edo,2
Edo,1
Edo,1
Edo,4
Edo,3
Edo,0
Edo,0
Edo,1
Edo,0
Edo,0
Edo,0
Edo,1
Edo,1
Edo,1
Edo,1
Edo,2
Edo,1
Edo,0
Edo,1
Edo,0
Edo,3
Edo,2
Edo,1
Edo,0
Edo,1
Edo,1
Edo,1
Edo,4
Edo,0
Edo,0
Edo,12
Edo,2
Edo,2
Edo,2
Edo,1
Edo,10
Edo,2
Edo,1
Edo,20
Edo,1
Edo,1
Edo,1
Edo,4
Edo,1
Edo,3
Edo,0
Edo,1
Edo,3
Edo,3
Edo,4
Edo,0
Edo,0
Edo,1
Edo,1
Edo,1
Edo,0
Edo,0
Edo,11
Edo,4
Edo,1
Edo,0
Edo,0
Edo,1
Edo,0
Edo,1
Edo,2
Edo,0
Edo,0
Edo,4
Edo,0
Edo,1
Edo,0
Edo,5
Edo,2
Edo,0
Edo,0
Edo,0
Edo,4
Edo,1
Edo,1
Edo,1
Edo,1
Edo,2
Edo,0
Edo,4
Edo,1
Edo,1
Edo,0
Edo,1
Edo,0
Edo,7
Edo,2
Edo,0
Edo,0
Edo,0
Edo,2
Edo,1
Edo,0
Edo,4
Edo,0
Edo,0
Edo,2
Edo,6
Edo,10
Edo,4
Edo,0
Edo,2
Edo,2
Edo,4
Edo,1
Edo,3
Edo,1
Edo,1
Edo,1
Edo,2
Edo,0
Edo,0
Edo,0
Edo,2
Edo,6
Edo,4
Edo,2
Edo,0
Edo,2
Edo,1
Edo,0
Edo,5
Edo,2
Edo,3
Edo,0
Edo,1
Edo,2
Edo,2
Edo,7
Edo,1
Edo,0
Edo,0
Edo,0
Edo,0
Edo,0
Edo,4
Edo,4
Edo,1
Edo,2
Edo,1
Edo,1
Edo,0
Edo,1
Edo,4
Edo,1
Edo,2
Edo,0
Edo,1
Edo,1
Edo,1
Edo,0
Edo,1
Edo,1
Edo,3
Edo,7
Edo,4
Edo,1
Edo,4
Edo,7
Edo,0
Edo,3
Edo,0
Edo,0
Edo,1
Edo,3
Edo,3
Edo,1
Edo,0
Edo,1
Edo,1
Edo,1
Edo,0
Edo,3
Edo,2
Edo,1
Edo,1
Edo,1
Edo,1
Edo,0
Edo,1
Edo,1
Edo,0
Edo,0
Edo,0
Edo,5
Edo,0
Edo,1
Edo,0
Edo,1
Edo,0
Edo,1
Edo,1
Edo,0
Edo,0
Edo,0
Edo,0
Edo,5
Edo,0
Edo,0
Edo,1
Edo,1
Edo,1
Ekiti,0
Ekiti,0
Ekiti,0
Ekiti,1
Ekiti,2
Ekiti,1
Ekiti,0
Ekiti,1
Ekiti,0
Ekiti,0
Ekiti,0
Ekiti,1
Ekiti,0
Ekiti,0
Ekiti,1
Ekiti,0
Ekiti,4
Ekiti,0
Ekiti,1
Ekiti,0
Ekiti,0
Ekiti,1
Ekiti,1
Ekiti,1
Ekiti,2
Ekiti,0
Ekiti,0
Ekiti,1
Ekiti,2
Ekiti,0
Ekiti,1
Ekiti,0
Ekiti,3
Ekiti,0
Ekiti,0
Ekiti,0
Ekiti,0
Ekiti,2
Ekiti,1
Ekiti,2
Ekiti,5
Ekiti,1
Ekiti,0
Ekiti,1
Ekiti,0
Ekiti,4
Ekiti,1
Ekiti,1
Ekiti,1
Ekiti,0
Ekiti,0
Ekiti,1
Ekiti,1
Ekiti,1
Ekiti,0
Ekiti,1
Ekiti,1
Ekiti,1
Ekiti,
Ekiti,1
Ekiti,1
Ekiti,1
Ekiti,1
Ekiti,0
Ekiti,0
Ekiti,2
Ekiti,0
Ekiti,3
Ekiti,0
Ekiti,1
Ekiti,3
Ekiti,1
Ekiti,0
Ekiti,1
Ekiti,0
Ekiti,2
Ekiti,1
Ekiti,0
Ekiti,4
Ekiti,1
Ekiti,1
Ekiti,0
Ekiti,1
Ekiti,1
Ekiti,0
Ekiti,1
Ekiti,0
Ekiti,1
Ekiti,0
Ekiti,2
Ekiti,0
Ekiti,1
Ekiti,1
Ekiti,2
Ekiti,0
Ekiti,1
Ekiti,2
Ekiti,1
Ekiti,1
Ekiti,0
Ekiti,1
Ekiti,0
Ekiti,1
Ekiti,1
Ekiti,1
Ekiti,0
Ekiti,3
Ekiti,1
Ekiti,1
Ekiti,1
Ekiti,0
Ekiti,1
Ekiti,1
Ekiti,0
Ekiti,0
Ekiti,1
Ekiti,1
Ekiti,1
Ekiti,1
Ekiti,1
Ekiti,1
Ekiti,1
Ekiti,0
Ekiti,0
Ekiti,0
Ekiti,0
Ekiti,1
Ekiti,2
Ekiti,0
Ekiti,1
Ekiti,3
Ekiti,0
Ekiti,0
Ekiti,0
Ekiti,0
Ekiti,0
Ekiti,0
Ekiti,6
Ekiti,0
Ekiti,2
Ekiti,1
Ekiti,0
Ekiti,0
Ekiti,0
Ekiti,1
Ekiti,0
Ekiti,1
Ekiti,1
Ekiti,0
Ekiti,0
Ekiti,0
Ekiti,0
Ekiti,0
Ekiti,0
Ekiti,0
Ekiti,0
Ekiti,1
Ekiti,2
Ekiti,0
Ekiti,0
Ekiti,0
Ekiti,0
Ekiti,0
Enugu,0
Enugu,1
Enugu,3
Enugu,1
Enugu,2
Enugu,3
Enugu,1
Enugu,0
Enugu,2
Enugu,1
Enugu,0
Enugu,0
Enugu,4
Enugu,1
Enugu,0
Enugu,0
Enugu,2
Enugu,0
Enugu,0
Enugu,15
Enugu,2
Enugu,1
Enugu,2
Enugu,0
Enugu,1
Enugu,1
Enugu,1
Enugu,1
Enugu,2
Enugu,0
Enugu,1
Enugu,1
Enugu,1
Enugu,1
Enugu,0
Enugu,3
Enugu,2
Enugu,3
Enugu,0
Enugu,3
Enugu,0
Enugu,1
Enugu,2
Enugu,0
Enugu,0
Enugu,1
Enugu,0
Enugu,1
Enugu,0
Enugu,0
Enugu,1
Enugu,1
Enugu,1
Enugu,2
Enugu,1
Enugu,1
Enugu,1
Enugu,1
Enugu,1
Enugu,0
Enugu,0
Enugu,1
Enugu,1
Enugu,0
Enugu,1
Enugu,0
Enugu,0
Enugu,0
Enugu,0
Enugu,0
Enugu,0
Enugu,1
Enugu,0
Enugu,0
Enugu,4
Enugu,1
Enugu,0
Enugu,1
Enugu,0
Enugu,1
Enugu,23
Enugu,4
Enugu,1
Enugu,1
Enugu,1
Enugu,8
Enugu,1
Enugu,2
Enugu,2
Enugu,0
Enugu,0
Enugu,5
Enugu,0
Enugu,1
Enugu,9
Enugu,3
Enugu,1
Enugu,0
Enugu,1
Enugu,0
Enugu,0
Enugu,1
Enugu,5
Enugu,0
Enugu,2
Enugu,6
Enugu,6
Enugu,10
Enugu,4
Enugu,2
Enugu,0
Enugu,2
Enugu,1
Enugu,2
Enugu,0
Enugu,0
Enugu,0
Enugu,1
Enugu,5
Enugu,0
Enugu,0
Enugu,0
Enugu,5
Enugu,5
Enugu,0
Enugu,2
Extrême-Nord,2
Extrême-Nord,60
Extrême-Nord,10
Extrême-Nord,0
Extrême-Nord,16
Extrême-Nord,0
Extrême-Nord,3
Extrême-Nord,6
Extrême-Nord,0
Extrême-Nord,16
Extrême-Nord,20
Extrême-Nord,115
Extrême-Nord,44
Extrême-Nord,180
Extrême-Nord,117
Extrême-Nord,24
Extrême-Nord,23
Extrême-Nord,8
Extrême-Nord,15
Extrême-Nord,144
Extrême-Nord,126
Extrême-Nord,423
Extrême-Nord,91
Extrême-Nord,91
Extrême-Nord,19
Extrême-Nord,17
Extrême-Nord,20
Extrême-Nord,14
Extrême-Nord,9
Extrême-Nord,5
Extrême-Nord,17
Extrême-Nord,5
Extrême-Nord,100
Extrême-Nord,8
Extrême-Nord,6
Extrême-Nord,11
Extrême-Nord,2
Extrême-Nord,3
Extrême-Nord,2
Extrême-Nord,27
Extrême-Nord,4
Extrême-Nord,4
Extrême-Nord,7
Extrême-Nord,1
Extrême-Nord,2
Extrême-Nord,3
Extrême-Nord,2
Extrême-Nord,1
Extrême-Nord,4
Extrême-Nord,6
Extrême-Nord,8
Extrême-Nord,5
Extrême-Nord,14
Extrême-Nord,5
Extrême-Nord,6
Extrême-Nord,3
Extrême-Nord,3
Extrême-Nord,3
Extrême-Nord,2
Extrême-Nord,11
Extrême-Nord,1
Extrême-Nord,101
Extrême-Nord,2
Extrême-Nord,7
Extrême-Nord,6
Extrême-Nord,6
Extrême-Nord,4
Federal Capital Territory,
Federal Capital Territory,0
Federal Capital Territory,5
Federal Capital Territory,10
Federal Capital Territory,0
Federal Capital Territory,0
Federal Capital Territory,0
Federal Capital Territory,1
Federal Capital Territory,1
Federal Capital Territory,0
Federal Capital Territory,3
Federal Capital Territory,21
Federal Capital Territory,89
Federal Capital Territory,29
Federal Capital Territory,4
Federal Capital Territory,24
Federal Capital Territory,1
Federal Capital Territory,2
Federal Capital Territory,0
Federal Capital Territory,0
Federal Capital Territory,0
Federal Capital Territory,0
Federal Capital Territory,2
Federal Capital Territory,2
Federal Capital Territory,0
Federal Capital Territory,1
Federal Capital Territory,1
Federal Capital Territory,0
Federal Capital Territory,1
Federal Capital Territory,1
Federal Capital Territory,0
Federal Capital Territory,1
Federal Capital Territory,20
Federal Capital Territory,0
Federal Capital Territory,1
Federal Capital Territory,0
Federal Capital Territory,1
Federal Capital Territory,0
Federal Capital Territory,0
Federal Capital Territory,1
Federal Capital Territory,0
Federal Capital Territory,0
Federal Capital Territory,0
Federal Capital Territory,0
Federal Capital Territory,2
Federal Capital Territory,0
Federal Capital Territory,2
Federal Capital Territory,1
Federal Capital Territory,0
Federal Capital Territory,
Federal Capital Territory,0
Federal Capital Territory,2
Federal Capital Territory,0
Federal Capital Territory,0
Federal Capital Territory,1
Federal Capital Territory,0
Federal Capital Territory,0
Federal Capital Territory,0
Federal Capital Territory,0
Federal Capital Territory,1
Federal Capital Territory,0
Federal Capital Territory,1
Federal Capital Territory,1
Federal Capital Territory,0
Federal Capital Territory,2
Federal Capital Territory,7
Federal Capital Territory,2
Federal Capital Territory,9
Federal Capital Territory,1
Federal Capital Territory,0
Federal Capital Territory,0
Federal Capital Territory,0
Federal Capital Territory,1
Federal Capital Territory,0
Federal Capital Territory,5
Federal Capital Territory,45
Federal Capital Territory,7
Federal Capital Territory,1
Federal Capital Territory,0
Federal Capital Territory,1
Federal Capital Territory,0
Federal Capital Territory,0
Federal Capital Territory,1
Federal Capital Territory,9
Federal Capital Territory,1
Federal Capital Territory,0
Federal Capital Territory,3
Federal Capital Territory,0
Federal Capital Territory,0
Federal Capital Territory,15
Federal Capital Territory,2
Federal Capital Territory,0
Federal Capital Territory,0
Federal Capital Territory,0
Federal Capital Territory,0
Federal Capital Territory,3
Federal Capital Territory,2
Federal Capital Territory,0
Federal Capital Territory,1
Federal Capital Territory,2
Federal Capital Territory,0
Federal Capital Territory,0
Federal Capital Territory,0
Federal Capital Territory,0
Federal Capital Territory,0
Federal Capital Territory,0
Federal Capital Territory,0
Federal Capital Territory,0
Federal Capital Territory,7
Federal Capital Territory,1
Federal Capital Territory,1
Federal Capital Territory,2
Federal Capital Territory,0
Federal Capital Territory,1
Federal Capital Territory,4
Federal Capital Territory,0
Federal Capital Territory,0
Federal Capital Territory,0
Federal Capital Territory,0
Federal Capital Territory,0
Federal Capital Territory,1
Federal Capital Territory,1
Federal Capital Territory,1
Federal Capital Territory,0
Federal Capital Territory,0
Federal Capital Territory,0
Federal Capital Territory,0
Federal Capital Territory,0
Federal Capital Territory,0
Federal Capital Territory,1
Federal Capital Territory,2
Federal Capital Territory,1
Federal Capital Territory,0
Federal Capital Territory,1
Federal Capital Territory,0
Federal Capital Territory,0
Federal Capital Territory,0
Federal Capital Territory,0
Federal Capital Territory,1
Federal Capital Territory,3
Federal Capital Territory,0
Federal Capital Territory,1
Federal Capital Territory,0
Federal Capital Territory,1
Federal Capital Territory,1
Federal Capital Territory,5
Federal Capital Territory,0
Federal Capital Territory,0
Federal Capital Territory,0
Federal Capital Territory,0
Federal Capital Territory,1
Federal Capital Territory,0
Federal Capital Territory,0
Federal Capital Territory,0
Federal Capital Territory,0
Federal Capital Territory,0
Federal Capital Territory,0
Federal Capital Territory,0
Federal Capital Territory,1
Federal Capital Territory,6
Federal Capital Territory,3
Federal Capital Territory,3
Federal Capital Territory,1
Federal Capital Territory,1
Federal Capital Territory,0
Federal Capital Territory,0
Federal Capital Territory,1
Federal Capital Territory,0
Federal Capital Territory,0
Federal Capital Territory,5
Federal Capital Territory,0
Federal Capital Territory,1
Federal Capital Territory,0
Federal Capital Territory,0
Federal Capital Territory,0
Federal Capital Territory,0
Federal Capital Territory,0
Federal Capital Territory,3
Federal Capital Territory,0
Federal Capital Territory,0
Federal Capital Territory,1
Federal Capital Territory,0
Federal Capital Territory,2
Federal Capital Territory,0
Federal Capital Territory,0
Federal Capital Territory,1
Federal Capital Territory,0
Federal Capital Territory,1
Federal Capital Territory,1
Federal Capital Territory,0
Federal Capital Territory,1
Federal Capital Territory,0
Federal Capital Territory,1
Federal Capital Territory,0
Federal Capital Territory,0
Federal Capital Territory,1
Federal Capital Territory,0
Federal Capital Territory,1
Federal Capital Territory,1
Federal Capital Territory,0
Federal Capital Territory,1
Federal Capital Territory,0
Federal Capital Territory,0
Federal Capital Territory,0
Federal Capital Territory,0
Federal Capital Territory,0
Federal Capital Territory,1
Federal Capital Territory,8
Federal Capital Territory,1
Federal Capital Territory,0
Federal Capital Territory,4
Federal Capital Territory,0
Federal Capital Territory,0
Federal Capital Territory,0
Federal Capital Territory,0
Federal Capital Territory,0
Federal Capital Territory,0
Federal Capital Territory,0
Federal Capital Territory,1
Federal Capital Territory,1
Federal Capital Territory,0
Gombe,2
Gombe,8
Gombe,7
Gombe,4
Gombe,3
Gombe,2
Gombe,2
Gombe,40
Gombe,13
Gombe,101
Gombe,0
Gombe,20
Gombe,1
Gombe,2
Gombe,1
Gombe,3
Gombe,6
Gombe,5
Gombe,18
Gombe,0
Gombe,0
Gombe,2
Gombe,3
Gombe,4
Gombe,8
Gombe,3
Gombe,20
Gombe,2
Gombe,2
Gombe,50
Gombe,37
Gombe,2
Gombe,1
Gombe,0
Gombe,1
Gombe,0
Gombe,2
Gombe,1
Gombe,1
Gombe,0
Gombe,0
Gombe,10
Gombe,3
Gombe,0
Gombe,1
Gombe,4
Gombe,21
Gombe,0
Gombe,1
Gombe,8
Gombe,0
Gombe,5
Imo,0
Imo,1
Imo,0
Imo,1
Imo,0
Imo,0
Imo,1
Imo,0
Imo,3
Imo,1
Imo,0
Imo,1
Imo,0
Imo,10
Imo,0
Imo,2
Imo,0
Imo,0
Imo,7
Imo,2
Imo,0
Imo,5
Imo,2
Imo,1
Imo,1
Imo,1
Imo,0
Imo,3
Imo,10
Imo,0
Imo,1
Imo,0
Imo,1
Imo,3
Imo,5
Imo,2
Imo,0
Imo,1
Imo,1
Imo,1
Imo,4
Imo,1
Imo,1
Imo,2
Imo,0
Imo,3
Imo,0
Imo,1
Imo,0
Imo,5
Imo,3
Imo,0
Imo,2
Imo,2
Imo,0
Imo,0
Imo,0
Imo,1
Imo,0
Imo,1
Imo,0
Imo,1
Imo,1
Imo,1
Imo,1
Imo,1
Imo,1
Imo,1
Imo,0
Imo,2
Imo,0
Imo,2
Imo,2
Imo,5
Imo,1
Imo,0
Imo,0
Imo,1
Imo,0
Imo,10
Imo,0
Imo,3
Imo,2
Imo,1
Imo,0
Imo,3
Imo,1
Imo,0
Imo,3
Imo,2
Imo,0
Imo,0
Imo,5
Imo,0
Imo,1
Imo,1
Imo,0
Imo,2
Imo,1
Imo,3
Imo,1
Imo,1
Imo,1
Imo,0
Imo,1
Imo,1
Imo,1
Imo,1
Imo,3
Imo,0
Imo,0
Imo,1
Imo,0
Imo,2
Imo,1
Imo,1
Imo,1
Imo,1
Imo,0
Imo,1
Imo,1
Imo,2
Imo,2
Imo,2
Imo,1
Imo,2
Imo,0
Imo,0
Imo,0
Imo,1
Imo,0
Imo,1
Imo,10
Imo,0
Imo,1
Imo,2
Imo,3
Imo,1
Imo,2
Imo,0
Imo,2
Imo,2
Imo,1
Imo,0
Imo,3
Imo,7
Imo,3
Imo,0
Imo,0
Imo,0
Imo,0
Imo,7
Imo,1
Imo,7
Imo,8
Imo,1
Imo,0
Imo,6
Imo,1
Imo,12
Imo,2
Imo,0
Imo,1
Imo,0
Imo,1
Imo,2
Imo,0
Imo,4
Imo,1
Imo,0
Imo,1
Imo,10
Imo,0
Imo,3
Imo,0
imo,7
Imo,5
Imo,0
Imo,0
Imo,0
Imo,1
Imo,0
Imo,0
Imo,0
Imo,2
Imo,1
imo,10
Imo,10
Imo,10
Imo,1
Imo,1
Imo,0
Imo,1
Imo,3
Imo,7
Imo,2
Imo,0
Imo,2
Imo,5
Imo,4
Imo,4
Imo,5
Imo,7
Imo,1
Imo,1
Imo,41
Imo,3
Imo,2
Imo,3
Imo,3
Imo,0
Imo,1
Imo,1
Imo,1
Imo,1
Imo,1
Imo,0
Imo,0
Imo,1
Imo,3
Imo,3
Imo,1
Imo,0
Imo,1
Imo,3
Imo,4
Imo,0
Imo,1
Imo,0
Imo,1
Imo,2
Imo,1
Imo,1
Imo,0
Imo,4
Imo,2
Imo,5
Imo,0
Imo,0
Imo,0
Imo,2
Imo,0
Imo,6
Imo,1
Imo,0
Imo,0
Imo,0
Imo,0
Imo,0
Imo,0
Imo,0
Imo,1
Imo,1
Imo,1
Imo,2
Jigawa,1
Jigawa,2
Jigawa,1
Jigawa,8
Jigawa,0
Jigawa,0
Jigawa,2
Jigawa,1
Jigawa,0
Jigawa,0
Jigawa,1
Jigawa,0
Jigawa,1
Jigawa,1
Jigawa,1
Jigawa,1
Jigawa,0
Jigawa,1
Jigawa,1
Jigawa,1
Jigawa,1
Jigawa,1
Jigawa,0
Jigawa,1
Jigawa,0
Jigawa,0
Jigawa,0
Jigawa,1
Jigawa,0
Jigawa,3
Jigawa,2
Jigawa,0
Jigawa,1
Jigawa,2
Jigawa,0
Jigawa,0
Jigawa,1
Jigawa,1
Jigawa,0
Jigawa,0
Jigawa,1
Jigawa,2
Jigawa,0
Jigawa,1
Jigawa,1
Jigawa,1
Jigawa,1
Jigawa,1
Jigawa,0
Jigawa,1
Jigawa,0
Jigawa,3
Jigawa,1
Jigawa,2
Kaduna,10
Kaduna,2
Kaduna,2
Kaduna,3
Kaduna,3
Kaduna,3
Kaduna,1
Kaduna,10
Kaduna,5
Kaduna,15
Kaduna,15
Kaduna,1
Kaduna,0
Kaduna,0
Kaduna,20
Kaduna,3
Kaduna,2
Kaduna,1
Kaduna,7
Kaduna,1
Kaduna,3
Kaduna,30
Kaduna,119
Kaduna,0
Kaduna,0
Kaduna,6
Kaduna,0
Kaduna,4
Kaduna,2
Kaduna,2
Kaduna,21
Kaduna,17
Kaduna,100
Kaduna,33
Kaduna,10
Kaduna,0
Kaduna,2
Kaduna,5
Kaduna,2
Kaduna,110
Kaduna,35
Kaduna,1
Kaduna,4
Kaduna,1
Kaduna,1
Kaduna,50
Kaduna,0
Kaduna,5
Kaduna,10
Kaduna,15
Kaduna,1
Kaduna,7
Kaduna,0
Kaduna,0
Kaduna,1
Kaduna,0
Kaduna,1
Kaduna,20
Kaduna,1
Kaduna,1
Kaduna,13
Kaduna,25
Kaduna,41
Kaduna,3
Kaduna,3
Kaduna,0
Kaduna,2
Kaduna,300
Kaduna,2
Kaduna,4
Kaduna,0
Kaduna,0
Kaduna,1
Kaduna,0
Kaduna,2
Kaduna,2
Kaduna,1
Kaduna,4
Kaduna,0
Kaduna,0
Kaduna,10
Kaduna,0
Kaduna,0
Kaduna,6
Kaduna,3
Kaduna,0
Kaduna,1
Kaduna,2
Kaduna,1
Kaduna,4
Kaduna,0
Kaduna,4
Kaduna,2
Kaduna,40
Kaduna,14
Kaduna,7
Kaduna,31
Kaduna,0
Kaduna,0
Kaduna,4
Kaduna,0
Kaduna,15
Kaduna,1
Kaduna,11
Kaduna,3
Kaduna,3
Kaduna,1
Kaduna,5
Kaduna,9
Kaduna,17
Kaduna,2
Kaduna,1
Kaduna,2
Kaduna,1
Kaduna,13
Kaduna,4
Kaduna,0
Kaduna,3
Kaduna,0
Kaduna,0
Kaduna,0
Kaduna,1
Kaduna,4
Kaduna,50
Kaduna,0
Kaduna,0
Kaduna,1
Kaduna,1
Kaduna,0
Kaduna,0
Kaduna,4
Kaduna,2
Kaduna,0
Kaduna,0
Kaduna,0
Kaduna,4
Kaduna,6
Kaduna,2
Kaduna,0
Kaduna,2
Kaduna,10
Kaduna,2
Kaduna,1
Kaduna,9
Kaduna,4
Kaduna,0
Kaduna,12
Kaduna,0
Kaduna,1
Kaduna,12
Kaduna,6
Kaduna,0
Kaduna,2
Kaduna,6
Kaduna,21
Kaduna,14
Kaduna,0
Kaduna,71
Kaduna,0
Kaduna,2
Kaduna,0
Kaduna,10
Kaduna,0
Kaduna,1
Kaduna,10
Kaduna,21
Kaduna,17
Kaduna,0
Kaduna,8
Kaduna,0
Kaduna,12
Kaduna,0
Kaduna,4
Kaduna,5
Kaduna,6
Kaduna,4
Kaduna,1
Kaduna,4
Kaduna,3
Kaduna,3
Kaduna,0
Kaduna,4
Kaduna,6
Kaduna,2
Kaduna,1
Kaduna,10
Kaduna,0
Kaduna,0
Kaduna,1
Kaduna,0
Kaduna,1
Kaduna,3
Kaduna,55
Kaduna,4
Kaduna,23
Kaduna,1
Kaduna,1
Kaduna,7
Kaduna,14
Kaduna,15
Kaduna,4
Kaduna,3
Kaduna,22
Kaduna,130
Kaduna,40
Kaduna,7
Kaduna,1
Kaduna,0
Kaduna,1
Kaduna,35
Kaduna,52
Kaduna,22
Kaduna,10
Kaduna,0
Kaduna,1
Kaduna,0
Kaduna,0
Kaduna,4
Kaduna,8
Kaduna,21
Kaduna,0
Kaduna,1
Kaduna,2
Kaduna,0
Kaduna,2
Kaduna,3
Kaduna,2
Kaduna,0
Kaduna,3
Kaduna,2
Kaduna,12
Kaduna,1
Kaduna,1
Kaduna,0
Kaduna,2
Kaduna,0
Kaduna,0
Kaduna,3
Kaduna,0
Kaduna,1
Kaduna,1
Kaduna,2
Kaduna,1
Kaduna,2
Kaduna,3
Kaduna,3
Kaduna,13
Kaduna,0
Kaduna,1
Kaduna,1
Kaduna,0
Kaduna,0
Kaduna,0
Kaduna,0
Kaduna,0
Kaduna,3
Kaduna,0
Kaduna,7
Kaduna,2
Kaduna,0
Kaduna,3
Kaduna,0
Kaduna,3
Kaduna,1
Kaduna,6
Kaduna,0
Kaduna,0
Kaduna,1
Kaduna,0
Kaduna,0
Kaduna,10
Kaduna,1
Kaduna,0
Kaduna,4
Kaduna,1
Kaduna,1
Kaduna,0
Kaduna,1
Kaduna,5
Kaduna,6
Kaduna,0
Kaduna,0
Kaduna,0
Kaduna,3
Kaduna,4
Kaduna,2
Kaduna,1
Kaduna,0
Kaduna,2
Kaduna,1
Kaduna,5
Kaduna,0
Kaduna,0
Kaduna,0
Kaduna,0
Kaduna,2
Kaduna,0
Kaduna,9
Kaduna,1
Kaduna,30
Kaduna,1
Kaduna,2
Kaduna,2
Kaduna,0
Kaduna,1
Kaduna,0
Kaduna,1
Kaduna,1
Kaduna,6
Kaduna,3
Kaduna,252
Kaduna,3
Kaduna,0
Kaduna,1
Kaduna,2
Kaduna,21
Kaduna,7
Kaduna,0
Kaduna,2
Kaduna,51
Kaduna,2
Kaduna,1
Kaduna,1
Kaduna,3
Kaduna,17
Kaduna,1
Kaduna,5
Kaduna,3
Kaduna,14
Kaduna,2
Kaduna,6
Kaduna,3
Kaduna,8
Kaduna,1
Kaduna,6
Kaduna,1
Kaduna,0
Kaduna,0
Kaduna,1
Kaduna,5
Kaduna,7
Kaduna,3
Kaduna,2
Kaduna,4
Kaduna,1
Kaduna,17
Kaduna,0
Kaduna,17
Kaduna,8
Kaduna,0
Kaduna,20
Kaduna,2
Kaduna,9
Kaduna,0
Kaduna,70
Kaduna,4
Kaduna,0
Kaduna,0
Kaduna,1
Kaduna,0
Kaduna,9
Kaduna,11
Kaduna,9
Kaduna,1
Kaduna,2
Kaduna,0
Kaduna,22
Kaduna,11
Kaduna,3
Kaduna,7
Kaduna,5
Kaduna,5
Kaduna,1
Kaduna,1
Kaduna,0
Kaduna,0
Kaduna,33
Kaduna,0
Kaduna,10
Kaduna,4
Kaduna,4
Kaduna,1
Kaduna,2
Kaduna,0
Kaduna,3
Kaduna,1
Kaduna,2
Kaduna,2
Kaduna,4
Kaduna,15
Kaduna,0
Kaduna,1
Kaduna,3
Kaduna,3
Kaduna,4
Kaduna,2
Kaduna,1
Kaduna,0
Kaduna,2
Kaduna,0
Kaduna,1
Kaduna,0
Kaduna,0
Kaduna,0
Kaduna,1
Kaduna,2
Kaduna,0
Kaduna,0
Kaduna,2
Kaduna,3
Kaduna,9
Kaduna,1
Kaduna,2
Kaduna,10
Kaduna,0
Kaduna,1
Kaduna,10
Kaduna,0
Kaduna,1
Kaduna,10
Kaduna,0
Kaduna,2
Kaduna,1
Kaduna,11
Kaduna,2
Kaduna,2
Kaduna,3
Kaduna,10
Kaduna,1
Kaduna,0
Kaduna,0
Kaduna,2
Kaduna,1
Kaduna,0
Kaduna,0
Kaduna,8
Kaduna,3
Kaduna,1
Kaduna,2
Kaduna,0
Kaduna,1
Kaduna,10
Kaduna,7
Kaduna,7
Kaduna,2
Kaduna,7
Kaduna,7
Kaduna,1
Kaduna,17
Kaduna,4
Kaduna,4
Kaduna,0
Kaduna,10
Kaduna,8
Kaduna,2
Kaduna,10
Kaduna,0
Kaduna,1
Kaduna,1
Kaduna,19
Kaduna,1
Kaduna,9
Kaduna,0
Kaduna,20
Kaduna,4
Kaduna,3
Kaduna,2
Kaduna,2
Kaduna,1
Kaduna,0
Kaduna,2
Kaduna,40
Kaduna,5
Kaduna,1
Kaduna,3
Kaduna,1
Kaduna,1
Kaduna,1
Kaduna,2
Kaduna,2
Kaduna,2
Kaduna,1
Kaduna,1
Kaduna,4
Kaduna,2
Kaduna,20
Kaduna,1
Kaduna,1
Kaduna,0
Kaduna,1
Kaduna,3
Kaduna,12
Kaduna,20
Kaduna,20
Kaduna,20
Kaduna,0
Kaduna,0
Kaduna,1
Kaduna,2
Kaduna,10
Kaduna,10
Kaduna,2
Kaduna,2
Kaduna,1
Kaduna,2
Kaduna,6
Kaduna,2
Kaduna,14
Kaduna,5
Kaduna,10
Kaduna,1
Kaduna,7
Kaduna,1
Kaduna,5
Kaduna,10
Kaduna,10
Kaduna,2
Kaduna,26
Kaduna,3
Kaduna,1
Kaduna,1
Kaduna,10
Kaduna,1
Kaduna,1
Kaduna,4
Kaduna,2
Kaduna,0
Kaduna,17
Kaduna,8
Kaduna,4
Kaduna,3
Kaduna,5
Kaduna,5
Kaduna,24
Kaduna,5
Kaduna,1
Kaduna,20
Kaduna,0
Kaduna,4
Kaduna,1
Kaduna,4
Kaduna,1
Kaduna,2
Kaduna,0
Kaduna,1
Kaduna,2
Kaduna,0
Kaduna,0
Kaduna,0
Kaduna,2
Kaduna,0
Kaduna,2
Kaduna,1
Kaduna,2
Kaduna,1
Kaduna,10
Kaduna,2
Kaduna,1
Kaduna,1
Kaduna,3
Kaduna,2
Kaduna,8
Kaduna,1
Kaduna,0
Kaduna,1
Kaduna,0
Kaduna,6
Kaduna,1
Kaduna,1
Kaduna,1
Kaduna,1
Kaduna,5
Kaduna,2
Kaduna,2
Kaduna,9
Kaduna,24
Kaduna,4
Kaduna,1
Kaduna,1
Kaduna,4
Kaduna,1
Kaduna,1
Kaduna,2
Kaduna,1
Kaduna,3
Kaduna,0
Kaduna,0
Kaduna,1
Kaduna,0
Kaduna,6
Kaduna,1
Kaduna,2
Kaduna,10
Kaduna,10
Kaduna,1
Kaduna,1
Kaduna,2
Kaduna,1
Kaduna,3
Kaduna,2
Kaduna,10
Kaduna,10
Kaduna,8
Kaduna,0
Kaduna,11
Kaduna,3
Kaduna,2
Kaduna,1
Kaduna,1
Kaduna,1
Kaduna,5
Kaduna,4
Kaduna,1
Kaduna,0
Kaduna,0
Kaduna,4
Kaduna,1
Kaduna,1
Kaduna,2
Kaduna,3
Kaduna,3
Kaduna,1
Kaduna,0
Kaduna,0
Kaduna,2
Kaduna,2
Kaduna,1
Kaduna,1
Kaduna,1
Kaduna,0
Kaduna,0
Kaduna,0
Kaduna,1
Kaduna,0
Kaduna,4
Kaduna,2
Kaduna,1
Kaduna,1
Kaduna,0
Kaduna,2
Kaduna,0
Kaduna,9
Kaduna,1
Kaduna,0
Kaduna,9
Kaduna,0
Kaduna,33
Kaduna,8
Kaduna,1
Kaduna,3
Kaduna,2
Kaduna,1
Kaduna,0
Kaduna,25
Kaduna,0
Kaduna,0
Kaduna,8
Kaduna,14
Kaduna,8
Kaduna,5
Kaduna,3
Kaduna,9
Kaduna,9
Kaduna,3
Kaduna,3
Kaduna,3
Kaduna,1
Kaduna,2
Kaduna,1
Kaduna,1
Kaduna,0
Kaduna,6
Kaduna,0
Kaduna,1
Kaduna,13
Kaduna,0
Kaduna,1
Kaduna,1
Kaduna,1
Kaduna,2
Kaduna,1
Kaduna,2
Kaduna,37
Kaduna,1
Kaduna,1
Kaduna,12
Kaduna,1
Kaduna,1
Kaduna,2
Kaduna,0
Kaduna,2
Kaduna,10
Kaduna,50
Kaduna,0
Kaduna,4
Kaduna,3
Kaduna,0
Kaduna,10
Kaduna,10
Kaduna,5
Kaduna,24
Kaduna,10
Kaduna,2
Kaduna,0
Kaduna,8
Kaduna,1
Kaduna,0
Kaduna,1
Kaduna,0
Kaduna,1
Kaduna,12
Kaduna,2
Kaduna,3
Kaduna,1
Kaduna,0
Kaduna,1
Kaduna,2
Kaduna,45
Kaduna,0
Kaduna,1
Kaduna,0
Kaduna,2
Kaduna,2
Kaduna,1
Kaduna,4
Kaduna,4
Kaduna,1
Kaduna,40
Kaduna,1
Kaduna,1
Kaduna,0
Kaduna,6
Kaduna,0
Kaduna,1
Kaduna,1
Kaduna,5
Kaduna,1
Kaduna,1
Kaduna,26
Kaduna,1
Kaduna,1
Kaduna,5
Kaduna,1
Kaduna,0
Kaduna,0
Kaduna,3
Kaduna,0
Kaduna,3
Kaduna,1
Kano,0
Kano,50
Kano,1
Kano,1
Kano,0
Kano,7
Kano,2
Kano,0
Kano,3
Kano,15
Kano,3
Kano,0
Kano,8
Kano,5
Kano,6
Kano,5
Kano,7
Kano,21
Kano,0
Kano,6
Kano,120
Kano,7
Kano,4
Kano,1
Kano,1
Kano,2
Kano,26
Kano,0
Kano,1
Kano,2
Kano,1
Kano,2
Kano,19
Kano,21
Kano,0
Kano,2
Kano,1
Kano,1
Kano,0
Kano,9
Kano,1
Kano,2
Kano,0
Kano,1
Kano,2
Kano,2
Kano,3
Kano,3
Kano,0
Kano,4
Kano,0
Kano,1
Kano,0
Kano,1
Kano,0
Kano,2
Kano,1
Kano,4
Kano,0
Kano,3
Kano,0
Kano,5
Kano,0
Kano,1
Kano,1
Kano,0
Kano,0
Kano,0
Kano,1
Kano,2
Kano,0
Kano,1
Kano,1
Kano,0
Kano,2
Kano,0
Kano,0
Kano,0
Kano,1
Kano,4
Kano,0
Kano,0
Kano,2
Kano,0
Kano,2
Kano,16
Kano,1
Kano,0
Kano,1
Kano,1
Kano,1
Kano,0
Kano,1
Kano,0
Kano,0
Kano,0
Kano,0
Kano,0
Kano,0
Katsina,5
Katsina,1
Katsina,1
Katsina,3
Katsina,103
Katsina,1
Katsina,2
Katsina,6
Katsina,0
Katsina,0
Katsina,10
Katsina,1
Katsina,1
Katsina,1
Katsina,1
Katsina,9
Katsina,1
Katsina,8
Katsina,1
Katsina,1
Katsina,2
Katsina,1
Katsina,0
Katsina,2
Katsina,3
Katsina,1
Katsina,1
Katsina,1
Katsina,0
Katsina,1
Katsina,2
Katsina,0
Katsina,0
Katsina,3
Katsina,2
Katsina,0
Katsina,1
Katsina,10
Katsina,0
Katsina,0
Katsina,1
Katsina,2
Katsina,0
Katsina,5
Katsina,7
Katsina,1
Katsina,0
Katsina,0
Katsina,0
Katsina,1
Katsina,1
Katsina,1
Katsina,0
Katsina,0
Katsina,0
Katsina,2
Katsina,36
Katsina,18
Katsina,5
Katsina,17
Katsina,1
Katsina,1
Katsina,17
Katsina,0
Katsina,0
Katsina,1
Katsina,0
Katsina,14
Katsina,20
Katsina,11
Katsina,18
Katsina,5
Katsina,11
Katsina,1
Katsina,0
Katsina,0
Katsina,2
Katsina,0
Katsina,2
Katsina,3
Katsina,0
Katsina,1
Katsina,3
Katsina,11
Katsina,18
Katsina,6
Katsina,10
Katsina,0
Katsina,15
Katsina,22
Katsina,0
Katsina,3
Katsina,0
Katsina,3
Katsina,1
Katsina,13
Katsina,0
Katsina,4
Katsina,50
Katsina,0
Katsina,1
Katsina,1
Katsina,6
Katsina,2
Katsina,0
Katsina,1
Katsina,0
Katsina,0
Katsina,0
Katsina,2
Katsina,2
Katsina,1
Katsina,0
Katsina,0
Katsina,1
Katsina,0
Katsina,0
Katsina,1
Katsina,0
Katsina,2
Katsina,10
Katsina,0
Katsina,10
Katsina,2
Katsina,1
Katsina,1
Katsina,1
Katsina,2
Katsina,33
Katsina,2
Katsina,5
Katsina,21
Katsina,1
Katsina,0
Katsina,6
Katsina,4
Katsina,24
Katsina,1
Katsina,11
Katsina,14
Katsina,10
Katsina,23
Katsina,3
Katsina,0
Katsina,2
Katsina,5
Katsina,3
Katsina,0
Katsina,5
Katsina,1
Katsina,11
Katsina,1
Katsina,2
Katsina,3
Katsina,67
Katsina,0
Katsina,2
Katsina,13
Katsina,2
Katsina,3
Katsina,18
Katsina,1
Katsina,1
Katsina,2
Katsina,57
Katsina,8
Katsina,1
Katsina,5
Katsina,10
Katsina,7
Katsina,3
Katsina,0
Katsina,6
Katsina,9
Katsina,2
Katsina,3
Katsina,0
Katsina,15
Katsina,46
Katsina,1
Katsina,3
Katsina,0
Katsina,4
Katsina,1
Katsina,0
Katsina,6
Katsina,40
Katsina,3
Katsina,0
Katsina,2
Katsina,3
Katsina,1
Katsina,10
Katsina,10
Katsina,0
Katsina,1
Katsina,3
Katsina,0
Katsina,1
Katsina,0
Katsina,2
Katsina,1
Katsina,1
Katsina,1
Katsina,1
Katsina,5
Katsina,0
Katsina,0
Katsina,24
Katsina,1
Katsina,4
Katsina,9
Katsina,0
Katsina,0
Katsina,20
Katsina,8
Katsina,11
Katsina,10
Katsina,4
Katsina,0
Katsina,1
Katsina,1
Katsina,6
Katsina,30
Katsina,4
Katsina,6
Katsina,3
Katsina,0
Katsina,1
Katsina,3
Katsina,17
Katsina,0
Katsina,67
Katsina,7
Katsina,0
Katsina,12
Katsina,3
Katsina,1
Katsina,0
Katsina,8
Katsina,0
Katsina,0
Katsina,0
Katsina,2
Katsina,2
Katsina,1
Katsina,1
Katsina,1
Katsina,8
Katsina,1
Katsina,6
Katsina,6
Katsina,11
Katsina,0
Katsina,10
Katsina,11
Katsina,3
Katsina,2
Katsina,1
Katsina,0
Katsina,0
Katsina,1
Katsina,3
Katsina,9
Katsina,0
Katsina,5
Katsina,0
Katsina,0
Katsina,1
Katsina,0
Katsina,2
Katsina,0
Katsina,1
Katsina,2
Katsina,0
Katsina,4
Katsina,3
Katsina,0
Katsina,33
Katsina,1
Katsina,3
Katsina,0
Katsina,0
Katsina,1
Katsina,0
Katsina,6
Katsina,1
Katsina,1
Katsina,11
Katsina,0
Katsina,0
Katsina,1
Katsina,1
Katsina,5
Katsina,0
Katsina,7
Katsina,5
Katsina,6
Katsina,1
Katsina,0
Katsina,0
Katsina,0
Katsina,0
Katsina,2
Katsina,19
Katsina,7
Katsina,0
Katsina,0
Katsina,1
Katsina,4
Katsina,8
Katsina,4
Katsina,2
Katsina,1
Katsina,0
Katsina,2
Katsina,12
Katsina,0
Katsina,11
Katsina,0
Katsina,0
Katsina,1
Katsina,0
Katsina,0
Katsina,0
Katsina,16
Katsina,0
Katsina,0
Katsina,6
Katsina,5
Katsina,1
Katsina,13
Katsina,6
Katsina,0
Katsina,4
Katsina,4
Katsina,0
Katsina,1
Katsina,8
Katsina,2
Katsina,2
Katsina,3
Katsina,10
Katsina,2
Kebbi,2
Kebbi,2
Kebbi,5
Kebbi,4
Kebbi,7
Kebbi,0
Kebbi,2
Kebbi,1
Kebbi,0
Kebbi,2
Kebbi,0
Kebbi,0
Kebbi,0
Kebbi,1
Kebbi,0
Kebbi,2
Kebbi,1
Kebbi,1
Kebbi,1
Kebbi,0
Kebbi,11
Kebbi,88
Kebbi,0
Kebbi,1
Kebbi,40
Kebbi,3
Kebbi,1
Kebbi,7
Kebbi,5
Kebbi,16
Kofia,4
Kogi,2
Kogi,0
Kogi,3
Kogi,1
Kogi,2
Kogi,0
Kogi,0
Kogi,0
Kogi,4
Kogi,0
Kogi,0
Kogi,0
Kogi,1
Kogi,2
Kogi,5
Kogi,6
Kogi,0
Kogi,0
Kogi,0
Kogi,1
Kogi,1
Kogi,2
Kogi,1
Kogi,4
Kogi,0
Kogi,1
Kogi,0
Kogi,4
Kogi,0
Kogi,2
Kogi,0
Kogi,4
Kogi,4
Kogi,0
Kogi,10
Kogi,22
Kogi,0
Kogi,0
Kogi,0
Kogi,0
Kogi,3
Kogi,1
Kogi,0
Kogi,0
Kogi,0
Kogi,0
Kogi,1
Kogi,0
Kogi,0
Kogi,2
Kogi,1
Kogi,1
Kogi,40
Kogi,0
Kogi,0
Kogi,0
Kogi,4
Kogi,0
Kogi,3
Kogi,2
Kogi,2
Kogi,4
Kogi,3
Kogi,3
Kogi,1
Kogi,0
Kogi,1
Kogi,3
Kogi,0
Kogi,3
Kogi,0
Kogi,2
Kogi,3
Kogi,0
Kogi,0
Kogi,1
Kogi,10
Kogi,5
Kogi,1
Kogi,20
Kogi,12
Kogi,10
Kogi,3
Kogi,5
Kogi,16
Kogi,5
Kogi,0
Kogi,1
Kogi,1
Kogi,2
Kogi,4
Kogi,0
Kogi,1
Kogi,2
Kogi,0
Kogi,17
Kogi,0
Kogi,3
Kogi,6
Kogi,10
Kogi,2
Kogi,0
Kogi,1
Kogi,1
Kogi,1
Kogi,20
Kogi,0
Kogi,0
Kogi,1
Kogi,2
Kogi,8
Kogi,4
Kogi,0
Kogi,3
Kogi,0
Kogi,8
Kogi,0
Kogi,0
Kogi,0
Kogi,1
Kogi,11
Kogi,7
Kogi,0
Kogi,2
Kogi,5
Kogi,1
Kogi,0
Kogi,3
Kogi,8
Kogi,1
Kogi,1
Kogi,13
Kogi,0
Kogi,0
Kogi,3
Kogi,2
Kogi,0
Kogi,0
Kogi,2
Kogi,0
Kogi,1
Kogi,1
Kogi,2
Kogi,0
Kogi,0
Kogi,4
Kogi,23
Kogi,4
Kogi,0
Kogi,3
Kogi,0
Kogi,1
Kogi,1
Kogi,0
Kogi,0
Kogi,3
Kogi,0
kogi,0
Kogi,4
Kogi,1
Kogi,1
Kogi,2
Kogi,3
Kogi,2
Kogi,9
Kogi,3
Kogi,1
Kogi,2
Kogi,0
Kogi,1
Kogi,2
Kogi,1
Kogi,0
Kogi,4
Kogi,3
Kogi,14
Kogi,0
Kogi,2
Kogi,1
Kogi,0
Kogi,0
Kogi,3
Kogi,0
Kogi,4
Kogi,1
Kogi,0
Kogi,0
Kogi,0
Kogi,0
Kogi,2
Kogi,2
Kogi,1
Kogi,1
Kogi,0
Kogi,0
Kogi,1
Kogi,11
Kogi,0
Kogi,0
Kogi,0
Kogi,1
Kogi,2
Kogi,2
Kogi,1
Kogi,3
Kogi,2
Kogi,2
Kogi,0
Kogi,3
Kogi,0
Kogi,0
Kogi,2
Kogi,1
Kogi,2
Kogi,0
Kogi,9
Kogi,0
Kogi,4
Kogi,1
Kogi,1
Kogi,11
Kogi,1
Kogi,11
Kogi,0
Kogi,1
Kogi,1
Kogi,0
Kogi,1
Kogi,6
Kogi,0
Kogi,0
Kogi,0
Kogi,0
Kogi,1
Kogi,0
Kogi,4
Kogi,3
Kogi,1
Koza,3
Kwara,0
Kwara,4
Kwara,0
Kwara,0
Kwara,0
Kwara,1
Kwara,1
Kwara,1
Kwara,1
Kwara,3
Kwara,2
Kwara,0
Kwara,0
Kwara,0
Kwara,0
Kwara,0
Kwara,4
Kwara,0
Kwara,2
Kwara,2
Kwara,3
Kwara,3
Kwara,16
Kwara,3
Kwara,0
Kwara,4
Kwara,1
Kwara,4
Kwara,1
Kwara,5
Kwara,2
Kwara,3
Kwara,3
Kwara,4
Kwara,1
Kwara,1
Kwara,7
Kwara,0
Kwara,4
Kwara,1
Kwara,1
Kwara,0
Kwara,2
Kwara,3
Kwara,3
Kwara,0
Kwara,1
Kwara,0
Kwara,4
Kwara,2
Kwara,2
Kwara,50
Kwara,1
Kwara,4
Kwara,1
Kwara,0
Kwara,0
Kwara,0
Kwara,0
Kwara,0
Kwara,2
Kwara,0
Kwara,0
Kwara,0
Kwara,1
Kwara,1
Kwara,0
Kwara,0
Kwara,5
Kwara,0
Kwara,1
Kwara,1
Kwara,0
Kwara,0
Kwara,1
Kwara,1
Kwara,1
Kwara,2
Kwara,0
Kwara,1
Kwara,1
Kwara,2
Kwara,2
Kwara,0
Kwara,1
Kwara,5
Kwara,0
Kwara,0
Kwara,0
Kwara,5
Kwara,3
Kwara,0
Kwara,0
Kwara,3
Kwara,0
Kwara,1
Kwara,2
Kwara,0
Kwara,1
Kwara,1
Kwara,1
Kwara,1
Kwara,4
Kwara,3
Kwara,1
Kwara,0
Kwara,0
Kwara,0
Kwara,1
Kwara,0
Kwara,1
Kwara,0
Kwara,0
Kwara,0
Kwara,0
Kwara,0
Kwara,1
Kwara,1
Kwara,1
Kwara,0
Kwara,0
Kwara,1
Kwara,1
Kwara,0
Kwara,1
Kwara,0
Kwara,1
Kwara,0
Kwara,0
Kwara,1
Kwara,0
Kwara,0
Kwara,1
Kwara,2
Kwara,0
Kwara,0
Kwara,0
Lac,11
Lac,1
Lac,7
Lac,41
Lac,5
Lac,4
Lac,49
Lac,18
Lac,23
Lac,16
Lac,70
Lac,13
Lac,5
Lac,0
lac,5
Lac,14
Lac,4
Lac,10
Lac,6
Lac,5
Lac,25
Lac,92
lac,1052
Lac,10
Lac,14
Lac,10
Lac,16
Lac,24
Lagos,1
Lagos,3
Lagos,7
Lagos,2
Lagos,0
Lagos,1
Lagos,1
Lagos,1
Lagos,4
Lagos,3
Lagos,1
Lagos,1
Lagos,5
Lagos,2
Lagos,1
Lagos,1
Lagos,0
Lagos,0
Lagos,1
Lagos,1
Lagos,2
Lagos,0
Lagos,0
Lagos,2
Lagos,3
Lagos,2
Lagos,2
Lagos,4
Lagos,10
Lagos,4
Lagos,1
Lagos,2
Lagos,6
Lagos,1
Lagos,3
Lagos,5
Lagos,7
Lagos,1
Lagos,0
Lagos,1
Lagos,2
Lagos,1
Lagos,5
Lagos,1
Lagos,1
Lagos,0
Lagos,2
Lagos,5
Lagos,2
Lagos,0
Lagos,2
Lagos,4
Lagos,5
Lagos,4
Lagos,0
Lagos,4
Lagos,0
Lagos,0
Lagos,8
Lagos,4
Lagos,11
Lagos,1
Lagos,0
Lagos,5
Lagos,3
Lagos,0
Lagos,50
Lagos,0
Lagos,2
Lagos,0
Lagos,1
Lagos,6
Lagos,0
Lagos,4
Lagos,2
Lagos,1
Lagos,4
Lagos,2
Lagos,1
Lagos,0
Lagos,6
Lagos,0
Lagos,0
Lagos,3
Lagos,4
Lagos,0
Lagos,0
Lagos,0
Lagos,1
Lagos,4
Lagos,0
Lagos,3
Lagos,3
Lagos,0
Lagos,0
Lagos,0
Lagos,4
Lagos,7
Lagos,1
Lagos,5
Lagos,1
Lagos,1
Lagos,4
Lagos,0
Lagos,1
Lagos,4
Lagos,1
Lagos,3
Lagos,1
Lagos,3
Lagos,0
Lagos,3
Lagos,4
Lagos,0
Lagos,0
Lagos,1
Lagos,0
Lagos,6
Lagos,0
Lagos,0
Lagos,1
Lagos,1
Lagos,0
Lagos,3
Lagos,1
Lagos,1
Lagos,2
Lagos,1
Lagos,1
Lagos,1
Lagos,1
Lagos,2
Lagos,1
Lagos,5
Lagos,1
Lagos,1
Lagos,3
Lagos,2
Lagos,1
Lagos,1
Lagos,1
Lagos,1
Lagos,1
Lagos,1
Lagos,1
Lagos,1
Lagos,0
Lagos,1
Lagos,0
Lagos,2
Lagos,8
Lagos,0
Lagos,2
Lagos,1
Lagos,1
Lagos,1
Lagos,1
Lagos,4
Lagos,7
Lagos,0
Lagos,1
Lagos,2
Lagos,1
Lagos,2
Lagos,0
Lagos,0
Lagos,1
Lagos,3
Lagos,1
Lagos,3
Lagos,0
Lagos,0
Lagos,0
Lagos,0
Lagos,0
Lagos,0
Lagos,1
Lagos,2
Lagos,0
Lagos,1
Lagos,2
Lagos,2
Lagos,2
Lagos,0
Lagos,1
Lagos,3
Lagos,3
Lagos,1
Lagos,1
Lagos,3
Lagos,1
Lagos,1
Lagos,1
Lagos,0
Lagos,0
Lagos,8
Lagos,1
Lagos,1
Lagos,2
Lagos,1
Lagos,4
Lagos,5
Lagos,2
Lagos,1
Lagos,1
Lagos,1
Lagos,2
Lagos,3
Lagos,1
Lagos,1
Lagos,3
Lagos,1
Lagos,2
Lagos,0
Lagos,0
Lagos,1
Lagos,2
Lagos,2
Lagos,2
Lagos,1
Lagos,4
Lagos,1
Lagos,2
Lagos,4
Lagos,1
Lagos,1
Lagos,1
Lagos,4
Lagos,1
Lagos,1
Lagos,1
Lagos,3
Lagos,1
Lagos,2
Lagos,1
Lagos,2
Lagos,0
Lagos,1
Lagos,1
Lagos,1
Lagos,0
Lagos,1
Lagos,2
Lagos,0
Lagos,1
Lagos,1
Lagos,1
Lagos,3
Lagos,1
Lagos,1
Lagos,1
Lagos,0
Lagos,5
Lagos,4
Lagos,2
Lagos,1
Lagos,2
Lagos,0
Lagos,3
Lagos,2
Lagos,2
Lagos,3
Lagos,1
Lagos,4
Lagos,1
Lagos,3
Lagos,0
Lagos,1
Lagos,1
Lagos,4
Lagos,1
Lagos,1
Lagos,1
Lagos,0
Lagos,1
Lagos,2
Lagos,0
Lagos,0
Lagos,0
Lagos,1
Lagos,0
Lagos,2
Lagos,2
Lagos,0
Lagos,0
Lagos,0
Lagos,2
Lagos,0
Lagos,6
Lagos,5
Lagos,15
Lagos,2
Lagos,2
Lagos,17
Lagos,2
Lagos,1
Lagos,0
Lagos,0
Lagos,2
Lagos,2
Lagos,0
Lagos,0
Lagos,0
Lagos,0
Lagos,0
Lagos,5
Lagos,0
Lagos,0
Lagos,1
Lagos,0
Lagos,1
Lagos,1
Lagos,1
Lagos,2
Lagos,3
Lagos,0
Lagos,0
Lagos,0
Lagos,5
Lagos,2
Lagos,0
Lagos,0
Lagos,2
Lagos,1
Lagos,4
Lagos,14
Lagos,0
Lagos,3
Lagos,2
Lagos,1
Lagos,1
Lagos,2
Lagos,1
Lagos,0
Lagos,0
Lagos,1
Lagos,0
Lagos,1
Lagos,1
Lagos,4
Lagos,1
Lagos,6
Lagos,1
Lagos,0
Lagos,5
Lagos,2
Lagos,0
Lagos,1
Lagos,1
Lagos,5
Lagos,1
Lagos,2
Lagos,1
Lagos,1
Lagos,1
Lagos,1
Lagos,0
Lagos,1
Lagos,4
Lagos,3
Lagos,0
Lagos,1
Lagos,1
Lagos,3
Lagos,1
Lagos,5
Lagos,1
Lagos,1
Lagos,0
Lagos,1
Lagos,1
Lagos,0
Lagos,0
Lagos,2
Lagos,0
Lagos,3
Lagos,3
Lagos,1
Lagos,2
Lagos,0
Lagos,0
Lagos,4
Lagos,2
Lagos,2
Lagos,0
Lagos,1
Lagos,1
Lagos,0
Lagos,1
Lagos,2
Lagos,2
Lagos,0
Maradi,30
Maradi,21
Mayo Moskota,5
Mbreche,0
Mbreche,4
N'Djamena,27
N'Djamena,11
N'Djamena,16
Nasarawa,5
Nasarawa,16
Nasarawa,0
Nasarawa,50
Nasarawa,5
Nasarawa,4
Nasarawa,2
Nasarawa,0
Nasarawa,0
Nasarawa,5
Nasarawa,50
Nasarawa,1
Nasarawa,34
Nasarawa,3
Nasarawa,4
Nasarawa,4
Nasarawa,30
Nasarawa,60
Nasarawa,1
Nasarawa,10
Nasarawa,20
Nasarawa,0
Nasarawa,10
Nasarawa,20
Nasarawa,0
Nasarawa,20
Nasarawa,50
Nasarawa,0
Nasarawa,1
Nasarawa,32
Nasarawa,20
Nasarawa,5
Nasarawa,12
Nasarawa,4
Nasarawa,40
Nasarawa,2
Nasarawa,3
Nasarawa,4
Nasarawa,9
Nasarawa,0
Nasarawa,1
Nasarawa,0
Nasarawa,0
Nasarawa,0
Nasarawa,0
Nasarawa,0
Nasarawa,19
Nasarawa,0
Nasarawa,5
Nasarawa,10
Nasarawa,2
Nasarawa,1
Nasarawa,12
Nasarawa,20
Nasarawa,1
Nasarawa,2
Nasarawa,0
Nasarawa,1
Nasarawa,0
Nasarawa,2
Nasarawa,4
Nasarawa,0
Nasarawa,0
Nasarawa,1
Nasarawa,1
Nasarawa,2
Nasarawa,1
Nasarawa,1
Nasarawa,0
Nasarawa,1
Nasarawa,0
Nasarawa,2
Nasarawa,
Nasarawa,2
Nasarawa,14
Nasarawa,7
Nasarawa,1
Nasarawa,8
Nasarawa,2
Nasarawa,0
Nasarawa,5
Nasarawa,4
Nasarawa,78
Nasarawa,7
Nasarawa,1
Nasarawa,3
Nasarawa,1
Nasarawa,31
Nasarawa,40
Nasarawa,11
Nasarawa,1
Nasarawa,4
Nasarawa,1
Nasarawa,6
Nasarawa,1
Nasarawa,0
Nasarawa,8
Nasarawa,7
Nasarawa,2
Nasarawa,0
Nasarawa,1
Nasarawa,0
Nasarawa,0
Nasarawa,1
Nasarawa,0
Nasarawa,1
Nasarawa,3
Nasarawa,0
Nasarawa,0
Nasarawa,0
Nasarawa,0
Nassarawa,1
Nassarawa,2
Nassarawa,0
Nassarawa,17
Nassarawa,2
Nassarawa,2
Nassarawa,1
Nassarawa,1
Nassarawa,4
Nassarawa,3
Nassarawa,0
Nassarawa,1
Nassarawa,4
Nassarawa,0
Nassarawa,0
Nassarawa,4
Nassarawa,0
Nassarawa,4
Nassarawa,1
Nassarawa,1
Nassarawa,0
Nassarawa,1
Nassarawa,0
Nassarawa,0
Nassarawa,2
Nassarawa,2
Nassarawa,2
Nassarawa,0
Nassarawa,5
Nassarawa,5
Nassarawa,1
Nassarawa,2
Nassarawa,0
Nassarawa,2
Nassarawa,2
Nassarawa,1
Nassarawa,2
Nassarawa,0
Nassarawa,0
Nassarawa,2
Nassarawa,1
Nassarawa,0
Nassarawa,0
Nassarawa,0
Nassarawa,1
Nassarawa,1
Nassarawa,0
Nassarawa,2
Nassarawa,1
Nassarawa,1
Nassarawa,0
Nassarawa,14
Nassarawa,1
Nassarawa,17
Nassarawa,2
Nassarawa,1
Nassarawa,9
Nassarawa,0
Nassarawa,0
Nassarawa,3
Nassarawa,1
Nassarawa,1
Nassarawa,6
Nassarawa,1
Nassarawa,0
Nassarawa,0
Nassarawa,5
Nassarawa,0
Nassarawa,1
Nassarawa,1
Nassarawa,0
Nassarawa,0
Nassarawa,0
Nassarawa,0
Nassarawa,0
Nassarawa,0
Nassarawa,2
Nassarawa,0
Nassarawa,45
Nassarawa,1
Nassarawa,0
Nassarawa,0
Ngouboua,17
Niger,1
Niger,0
Niger,2
Niger,1
Niger,10
Niger,0
Niger,0
Niger,11
Niger,0
Niger,0
Niger,1
Niger,11
Niger,0
Niger,0
Niger,50
Niger,4
Niger,5
Niger,4
Niger,11
Niger,19
Niger,19
Niger,0
Niger,1
Niger,5
Niger,6
Niger,3
Niger,1
Niger,4
Niger,3
Niger,9
Niger,4
Niger,5
Niger,0
Niger,2
Niger,27
Niger,5
Niger,4
Niger,2
Niger,2
Niger,3
Niger,1
Niger,6
Niger,3
Niger,3
Niger,0
Niger,0
Niger,1
Niger,2
Niger,1
Niger,0
Niger,0
Niger,8
Niger,2
Niger,9
Niger,5
Niger,1
Niger,70
Niger,5
Niger,0
Niger,0
Niger,0
Niger,0
Niger,1
Niger,1
Niger,1
Niger,1
Niger,0
Niger,1
Niger,8
Niger,2
Niger,1
Niger,0
Niger,0
Niger,13
Niger,1
Niger,0
Niger,8
Niger,4
Niger,4
Niger,1
Niger,0
Niger,0
Niger,11
Niger,1
Niger,3
Niger,1
Niger,1
Niger,0
Niger,1
Niger,2
Niger,1
Niger,0
Niger,0
Niger,29
Niger,1
Niger,10
Niger,5
Niger,1
Niger,10
Niger,8
Niger,3
Niger,2
Niger,1
Niger,12
Niger,5
Niger,0
Niger,1
Niger,3
Niger,2
Niger,1
Niger,4
Niger,0
Niger,2
Niger,0
Niger,0
Niger,15
Niger,1
Niger,14
Niger,0
Niger,28
Niger,2
Niger,2
Niger,1
Niger,6
Niger,1
Niger,4
Niger,1
Niger,5
Niger,1
Niger,0
Niger,1
Niger,0
Niger,0
Niger,3
Niger,0
Niger,7
Niger,5
Niger,1
Niger,0
Niger,0
Niger,1
Niger,7
Niger,1
Niger,0
Niger,4
Niger,1
Niger,0
Niger,7
Niger,0
Niger,6
Niger,0
Niger,1
Niger,27
Niger,3
Niger,11
Niger,1
Niger,1
Niger,1
Niger,9
Niger,0
Niger,0
Niger,1
Niger,4
Niger,0
Niger,0
Niger,0
Niger,0
Niger,0
Niger,1
Niger,43
Niger,1
Niger,1
Niger,1
Niger,9
Niger,0
Niger,3
Niger,0
Niger,21
Niger,1
Niger,1
Niger,0
Niger,1
Niger,14
Niger,5
Niger,1
Niger,5
Niger,6
Niger,1
Niger,0
Niger,7
Niger,0
Niger,12
Niger,5
Niger,3
Niger,5
Niger,3
Niger,0
Niger,2
Niger,5
Niger,10
Niger,10
Niger,2
Niger,21
Niger,20
Niger,42
Niger,5
Niger,1
Niger,16
Niger,40
Niger,5
Niger,3
Niger,4
Niger,12
Niger,0
Niger,20
Niger,70
Niger,0
Niger,0
Niger,10
Niger,47
Niger,19
Niger,0
Niger,2
Niger,41
Niger,43
Niger,3
Niger,30
Niger,20
Niger,0
Niger,5
Niger,37
Niger,12
Niger,0
Niger,19
Niger,0
Niger,20
Niger,0
Niger,0
Niger,1
Niger,0
Niger,0
Niger,1
Niger,0
Niger,0
Niger,0
Niger,13
Niger,60
Niger,16
Niger,0
Niger,2
Niger,34
Niger,3
Niger,0
Niger,15
Niger,165
Niger,20
Niger,3
Niger,2
Niger,1
Nord-Ouest,20
Ogun,0
Ogun,2
Ogun,0
Ogun,2
Ogun,1
Ogun,1
Ogun,3
Ogun,0
Ogun,0
Ogun,0
Ogun,0
Ogun,2
Ogun,4
Ogun,1
Ogun,1
Ogun,3
Ogun,7
Ogun,0
Ogun,6
Ogun,4
Ogun,1
Ogun,5
Ogun,0
Ogun,0
Ogun,0
Ogun,1
Ogun,1
Ogun,0
Ogun,0
Ogun,2
Ogun,0
Ogun,1
Ogun,0
Ogun,3
Ogun,0
Ogun,0
Ogun,4
Ogun,1
Ogun,1
Ogun,1
Ogun,4
Ogun,2
Ogun,10
Ogun,0
Ogun,1
Ogun,2
Ogun,0
Ogun,2
Ogun,1
Ogun,0
Ogun,5
Ogun,4
Ogun,0
Ogun,6
Ogun,0
Ogun,2
Ogun,1
Ogun,0
Ogun,15
Ogun,3
Ogun,0
Ogun,0
Ogun,11
Ogun,0
Ogun,0
Ogun,0
Ogun,19
Ogun,114
Ogun,0
Ogun,0
Ogun,10
Ogun,4
Ogun,1
Ogun,4
Ogun,1
Ogun,6
Ogun,2
Ogun,1
Ogun,2
Ogun,5
Ogun,1
Ogun,1
Ogun,1
Ogun,1
Ogun,1
Ogun,2
Ogun,1
Ogun,1
Ogun,0
Ogun,0
Ogun,1
Ogun,0
Ogun,0
Ogun,1
Ogun,2
Ogun,6
Ogun,6
Ogun,1
Ogun,3
Ogun,4
Ogun,1
Ogun,1
Ogun,2
Ogun,1
Ogun,3
Ogun,0
Ogun,0
Ogun,1
Ogun,1
Ogun,1
Ogun,1
Ogun,0
Ogun,0
Ogun,1
Ogun,1
Ogun,1
Ogun,0
Ogun,0
Ogun,2
Ogun,1
Ogun,1
Ogun,6
Ogun,4
Ogun,1
Ogun,0
Ogun,1
Ogun,1
Ogun,0
Ogun,0
Ogun,0
Ogun,0
Ogun,3
Ogun,2
Ogun,0
Ogun,3
Ogun,1
Ogun,0
Ogun,0
Ogun,0
Ogun,1
Ogun,0
Ogun,1
Ogun,0
Ogun,0
Ogun,2
Ogun,3
Ogun,1
Ogun,3
Ogun,1
Ogun,0
Ogun,1
Ogun,3
Ogun,1
Ogun,1
Ogun,3
Ogun,1
Ogun,0
Ogun,1
Ogun,1
Ogun,2
Ogun,1
Ogun,1
Ogun,1
Ogun,1
Ogun,2
Ogun,1
Ogun,2
Ogun,1
Ogun,1
Ogun,0
Ogun,0
Ogun,0
Ogun,0
Ogun,1
Ogun,20
Ogun,0
Ogun,3
Ogun,1
Ogun,1
Ogun,1
Ogun,1
Ogun,1
Ogun,0
Ogun,2
Ogun,6
Ogun,1
Ogun,1
Ogun,2
Ogun,4
Ogun,3
Ogun,4
Ogun,1
Ogun,2
Ogun,0
Ogun,0
Ogun,0
Ogun,0
Ogun,0
Ogun,0
Ogun,2
Ogun,0
Ogun,0
Ogun,1
Ogun,2
Ogun,2
Ogun,0
Ogun,0
Ogun,2
Ogun,0
Ogun,1
Ogun,0
Ogun,3
Ogun,1
Ogun,1
Ogun,1
Ogun,2
Ogun,0
Ogun,7
Ogun,3
Ogun,0
Ogun,2
Ogun,0
Ogun,2
Ogun,1
Ogun,1
Ogun,1
Ogun,0
Ogun,0
Ogun,1
Ogun,0
Ogun,0
Ogun,0
Ogun,1
Ogun,7
Ogun,0
Ogun,0
Ogun,0
Ogun,1
Ogun,2
Ogun,0
Ogun,0
Ogun,0
Ogun,0
Ogun,1
Ogun,0
Ogun,1
Ogun,2
Ogun,5
Ogun,1
Ogun,0
Ogun,0
Ogun,5
Ogun,3
Ogun,1
Ondo,10
Ondo,1
Ondo,0
Ondo,1
Ondo,1
Ondo,0
Ondo,0
Ondo,5
Ondo,0
Ondo,2
Ondo,1
Ondo,0
Ondo,1
Ondo,0
Ondo,18
Ondo,2
Ondo,0
Ondo,0
Ondo,8
Ondo,0
Ondo,0
Ondo,1
Ondo,0
Ondo,2
Ondo,6
Ondo,0
Ondo,0
Ondo,0
Ondo,0
Ondo,1
Ondo,0
Ondo,3
Ondo,0
Ondo,0
Ondo,0
Ondo,2
Ondo,5
Ondo,0
Ondo,1
Ondo,1
Ondo,1
Ondo,1
Ondo,0
Ondo,0
Ondo,2
Ondo,0
Ondo,1
Ondo,1
Ondo,1
Ondo,1
Ondo,0
Ondo,4
Ondo,5
Ondo,1
Ondo,0
Ondo,1
Ondo,0
Ondo,21
Ondo,2
Ondo,0
Ondo,0
Ondo,1
Ondo,0
Ondo,0
Ondo,1
Ondo,10
Ondo,1
Ondo,0
Ondo,0
Ondo,1
Ondo,0
Ondo,1
Ondo,0
Ondo,0
Ondo,2
Ondo,0
Ondo,2
Ondo,0
Ondo,0
Ondo,0
Ondo,0
Ondo,0
Ondo,0
Ondo,0
Ondo,0
Ondo,0
Ondo,0
Ondo,0
Ondo,0
Ondo,0
Ondo,1
Ondo,2
Ondo,1
Ondo,0
Ondo,0
Ondo,1
Ondo,0
Ondo,0
Ondo,1
Ondo,0
Ondo,1
Ondo,1
Ondo,0
Ondo,0
Ondo,1
Ondo,1
Ondo,0
Ondo,1
Ondo,0
Ondo,0
Ondo,2
Ondo,7
Ondo,0
Ondo,1
Ondo,1
Ondo,1
Ondo,0
Ondo,0
Ondo,4
Ondo,0
Ondo,0
Ondo,2
Ondo,4
Ondo,3
Ondo,1
Ondo,7
Ondo,0
Ondo,0
Ondo,0
Ondo,0
Ondo,1
Ondo,0
Ondo,1
Ondo,4
Ondo,1
Ondo,1
Ondo,1
Ondo,0
Ondo,0
Ondo,1
Ondo,1
Ondo,1
Ondo,1
Ondo,1
Ondo,0
Ondo,4
Ondo,0
Ondo,0
Ondo,0
Ondo,0
Ondo,4
Ondo,1
Ondo,0
Ondo,5
Ondo,1
Ondo,2
Ondo,1
Ondo,1
Ondo,0
Ondo,0
Ondo,1
Ondo,0
Ondo,0
Ondo,3
Ondo,1
Ondo,0
Ondo,1
Ondo,0
Ondo,0
Ondo,0
Ondo,1
Ondo,1
Ondo,1
Ondo,0
Ondo,0
Ondo,0
Ondo,0
Ondo,0
Ondo,0
Ondo,0
Ondo,0
Ondo,2
Ondo,1
Ondo,0
Ondo,0
Ondo,1
Ondo,0
Ondo,5
Ondo,0
Ondo,2
Ondo,0
Ondo,1
Ondo,0
Ondo,0
Ondo,0
Ondo,3
Ondo,0
Ondo,0
Ondo,0
Ondo,1
Ondo,2
Ondo,2
Ondo,0
Ondo,0
Ondo,0
Ondo,0
Ondo,2
Ondo,1
Ondo,1
Ondo,2
Ondo,2
Ondo,0
Ondo,0
Ondo,1
Ondo,1
Ondo,4
Ondo,1
Ondo,1
Ondo,2
Ondo,2
Ondo,3
Ondo,1
Ondo,0
Ondo,2
Ondo,2
Ondo,1
Ondo,0
Ondo,0
Ondo,1
Ondo,2
Ondo,0
Ondo,1
Ondo,4
Ondo,0
Ondo,6
Ondo,2
Ondo,0
Ondo,0
Ondo,0
Ondo,0
Ondo,1
Ondo,0
Ondo,2
Ondo,1
Ondo,3
Ondo,1
Ondo,3
Ondo,3
Ondo,0
Ondo,1
Ondo,0
Ondo,3
Ondo,0
Ondo,0
Ondo,0
Ondo,0
Ondo,1
Ondo,2
Ondo,1
Ondo,3
Ondo,0
Ondo,0
Ondo,0
Ondo,3
Ondo,1
Ondo,1
Ondo,0
Ondo,1
Ondo,1
Ondo,0
Ondo,3
Ondo,5
Ondo,1
Ondo,1
Ondo,2
Osun,0
Osun,1
Osun,1
Osun,0
Osun,0
Osun,1
Osun,0
Osun,0
Osun,0
Osun,0
Osun,0
Osun,0
Osun,0
Osun,1
Osun,0
Osun,3
Osun,0
Osun,0
Osun,1
Osun,1
Osun,0
Osun,0
Osun,3
Osun,8
Osun,0
Osun,0
Osun,5
Osun,1
Osun,2
Osun,0
Osun,1
Osun,1
Osun,4
Osun,1
Osun,1
Osun,0
Osun,1
Osun,2
Osun,0
Osun,0
Osun,0
Osun,0
Osun,1
Osun,0
Osun,0
Osun,0
Osun,1
Osun,1
Osun,1
Osun,3
Osun,0
Osun,0
Osun,0
Osun,0
Osun,0
Osun,0
Osun,1
Osun,0
Osun,0
Osun,0
Osun,0
Osun,0
Osun,0
Osun,1
Osun,0
Osun,0
Osun,1
Osun,0
Osun,0
Osun,1
Osun,1
Osun,1
Osun,3
Osun,2
Osun,1
Osun,2
Osun,0
Osun,1
Osun,1
Osun,1
Osun,2
Osun,1
Osun,1
Osun,0
Osun,1
Osun,1
Osun,0
Osun,3
Osun,0
Osun,0
Osun,0
Osun,1
Osun,2
Osun,3
Osun,1
Osun,2
Osun,1
Osun,0
Osun,4
Osun,1
Osun,0
Osun,1
Osun,0
Osun,0
Osun,1
Osun,2
Osun,1
Osun,0
Osun,1
Osun,0
Osun,5
Osun,6
Osun,1
Osun,0
Osun,3
Osun,0
Osun,0
Osun,1
Osun,0
Osun,0
Osun,0
Osun,3
Osun,1
Osun,2
Osun,2
Osun,2
Osun,1
Osun,0
Osun,4
Osun,3
Osun,1
Osun,1
Osun,1
Osun,1
Osun,0
Osun,0
Osun,1
Osun,0
Osun,0
Osun,0
Osun,1
Osun,0
Osun,1
Osun,2
Osun,0
Osun,7
Osun,3
Osun,4
Osun,2
Osun,1
Osun,2
Osun,3
Osun,0
Osun,0
Osun,0
Osun,0
Osun,0
Osun,0
Osun,1
Osun,1
Osun,0
Osun,0
Osun,1
Osun,1
Osun,4
Osun,1
Oyo,
Oyo,0
Oyo,1
Oyo,0
Oyo,1
Oyo,2
Oyo,0
Oyo,0
Oyo,0
Oyo,0
Oyo,0
Oyo,1
Oyo,3
Oyo,0
Oyo,2
Oyo,2
Oyo,0
Oyo,3
Oyo,0
Oyo,0
Oyo,1
Oyo,6
Oyo,0
Oyo,1
Oyo,0
Oyo,2
Oyo,0
Oyo,0
Oyo,11
Oyo,1
Oyo,1
Oyo,1
Oyo,1
Oyo,1
Oyo,0
Oyo,1
Oyo,0
Oyo,2
Oyo,1
Oyo,0
Oyo,0
Oyo,3
Oyo,5
Oyo,1
Oyo,2
Oyo,1
Oyo,0
Oyo,0
Oyo,2
Oyo,0
Oyo,1
Oyo,1
Oyo,2
Oyo,1
Oyo,0
Oyo,5
Oyo,0
Oyo,0
Oyo,0
Oyo,1
Oyo,1
Oyo,0
Oyo,0
Oyo,0
Oyo,2
Oyo,1
Oyo,1
Oyo,2
Oyo,3
Oyo,1
Oyo,1
Oyo,0
Oyo,1
Oyo,1
Oyo,4
Oyo,1
Oyo,0
Oyo,2
Oyo,1
Oyo,0
Oyo,0
Oyo,0
Oyo,3
Oyo,1
Oyo,1
Oyo,1
Oyo,1
Oyo,1
Oyo,1
Oyo,0
Oyo,1
Oyo,1
Oyo,1
Oyo,5
Oyo,2
Oyo,1
Oyo,1
Oyo,1
Oyo,1
Oyo,1
Oyo,1
Oyo,3
Oyo,8
Oyo,2
Oyo,6
Oyo,1
Oyo,0
Oyo,0
Oyo,0
Oyo,0
Oyo,1
Oyo,3
Oyo,2
Oyo,1
Oyo,2
Oyo,0
Oyo,1
Oyo,1
Oyo,2
Oyo,2
Oyo,0
Oyo,0
Oyo,3
Oyo,2
Oyo,0
Oyo,3
Oyo,0
Oyo,0
Oyo,3
Oyo,7
Oyo,0
Oyo,1
Oyo,1
Oyo,1
Oyo,2
Oyo,2
Oyo,2
Oyo,1
Oyo,2
Oyo,1
Oyo,0
Oyo,0
Oyo,2
Oyo,5
Oyo,0
Oyo,0
Oyo,3
Oyo,0
Oyo,3
Oyo,4
Oyo,0
Oyo,0
Oyo,2
Oyo,0
Oyo,4
Oyo,5
Oyo,1
Oyo,0
Oyo,0
Oyo,0
Oyo,1
Oyo,0
Oyo,0
Oyo,0
Oyo,1
Oyo,0
Oyo,0
Oyo,1
Oyo,0
Oyo,0
Oyo,0
Oyo,0
Oyo,1
Oyo,5
Oyo,0
Oyo,1
Oyo,0
Oyo,3
Oyo,0
Oyo,20
Oyo,1
Oyo,0
Oyo,2
Oyo,11
Oyo,1
Oyo,1
Oyo,0
Oyo,1
Oyo,1
Oyo,3
Oyo,5
Oyo,1
Oyo,4
Oyo,0
Oyo,2
Oyo,1
Oyo,2
Oyo,1
Oyo,1
Oyo,1
Oyo,4
Oyo,1
Oyo,0
Oyo,0
Oyo,1
Oyo,1
Oyo,1
Plateau,50
Plateau,46
Plateau,6
Plateau,6
Plateau,6
Plateau,5
Plateau,3
Plateau,3
Plateau,4
Plateau,10
Plateau,21
Plateau,0
Plateau,4
Plateau,5
Plateau,37
Plateau,5
Plateau,33
Plateau,3
Plateau,12
Plateau,0
Plateau,30
Plateau,22
Plateau,2
Plateau,3
Plateau,5
Plateau,7
Plateau,13
Plateau,29
Plateau,2
Plateau,1
Plateau,16
Plateau,8
Plateau,2
Plateau,1
Plateau,0
Plateau,3
Plateau,162
Plateau,8
Plateau,4
Plateau,4
Plateau,1
Plateau,19
Plateau,1
Plateau,3
Plateau,0
Plateau,11
Plateau,5
Plateau,0
Plateau,2
Plateau,12
Plateau,2
Plateau,6
Plateau,6
Plateau,2
Plateau,13
Plateau,2
Plateau,27
Plateau,1
Plateau,5
Plateau,1
Plateau,0
Plateau,1
Plateau,0
Plateau,40
Plateau,3
Plateau,0
Plateau,2
Plateau,0
Plateau,4
Plateau,1
Plateau,3
Plateau,18
Plateau,0
Plateau,11
Plateau,6
Plateau,9
Plateau,1
Plateau,4
Plateau,80
Plateau,30
Plateau,2
Plateau,1
Plateau,27
Plateau,0
Plateau,2
Plateau,1
Plateau,2
Plateau,4
Plateau,1
Plateau,2
Plateau,2
Plateau,6
Plateau,4
Plateau,2
Plateau,51
Plateau,0
Plateau,8
Plateau,3
Plateau,0
Plateau,4
Plateau,0
Plateau,4
Plateau,2
Plateau,20
Plateau,23
Plateau,5
Plateau,0
Plateau,15
Plateau,2
Plateau,0
Plateau,0
Plateau,2
Plateau,4
Plateau,4
Plateau,1
Plateau,0
Plateau,2
Plateau,0
Plateau,3
Plateau,1
Plateau,1
Plateau,
Plateau,10
Plateau,1
Plateau,0
Plateau,2
Plateau,20
Plateau,6
Plateau,2
Plateau,1
Plateau,3
Plateau,6
Plateau,6
Plateau,29
Plateau,1
Plateau,2
Plateau,3
Plateau,1
Plateau,11
Plateau,2
Plateau,1
Plateau,0
Plateau,11
Plateau,1
Plateau,1
Plateau,1
Plateau,3
Plateau,4
Plateau,8
Plateau,3
Plateau,2
Plateau,3
Plateau,0
Plateau,1
Plateau,6
Plateau,10
Plateau,26
Plateau,7
Plateau,2
Plateau,4
Plateau,3
Plateau,7
Plateau,4
Plateau,13
Plateau,0
Plateau,0
Plateau,3
Plateau,3
Plateau,2
Plateau,3
Plateau,1
Plateau,0
Plateau,4
Plateau,200
Plateau,1
Plateau,6
Plateau,0
Plateau,0
Plateau,5
Plateau,3
Plateau,2
Plateau,8
Plateau,1
Plateau,12
Plateau,2
Plateau,0
Plateau,5
Plateau,2
Plateau,3
Plateau,2
Plateau,3
Plateau,1
Plateau,16
Plateau,7
Plateau,1
Plateau,14
Plateau,10
Plateau,19
Plateau,6
Plateau,4
Plateau,1
Plateau,0
Plateau,1
Plateau,1
Plateau,2
Plateau,0
Plateau,5
Plateau,5
Plateau,7
Plateau,6
Plateau,0
Plateau,0
Plateau,0
Plateau,0
Plateau,1
Plateau,2
Plateau,3
Plateau,0
Plateau,1
Plateau,0
Plateau,13
Plateau,0
Plateau,6
Plateau,1
Plateau,4
Plateau,2
Plateau,4
Plateau,1
Plateau,2
Plateau,0
Plateau,8
Plateau,2
Plateau,2
Plateau,1
Plateau,3
Plateau,3
Plateau,1
Plateau,5
Plateau,1
Plateau,1
Plateau,0
Plateau,1
Plateau,13
Plateau,0
Plateau,22
Plateau,4
Plateau,2
Plateau,0
Plateau,3
Plateau,1
Plateau,2
Plateau,2
Plateau,1
Plateau,1
Plateau,1
Plateau,4
Plateau,0
Plateau,2
Plateau,13
Plateau,4
Plateau,9
Plateau,0
Plateau,0
Plateau,7
Plateau,0
Plateau,0
Plateau,1
Plateau,5
Plateau,0
Plateau,0
Plateau,2
Plateau,0
Plateau,3
Plateau,2
Plateau,2
Plateau,1
Plateau,0
Plateau,1
Plateau,1
Plateau,1
Plateau,1
Plateau,1
Plateau,0
Plateau,1
Plateau,5
Plateau,6
Plateau,5
Plateau,2
Plateau,3
Plateau,3
Plateau,8
Plateau,1
Plateau,2
Plateau,3
Plateau,3
Plateau,2
Plateau,2
Plateau,1
Plateau,7
Plateau,2
Plateau,12
Plateau,6
Plateau,4
Plateau,1
Plateau,0
Plateau,1
Plateau,1
Plateau,1
Plateau,0
Plateau,1
Plateau,3
Plateau,0
Plateau,8
Plateau,0
Plateau,6
Plateau,2
Plateau,0
Plateau,0
Plateau,0
Plateau,2
Plateau,8
Plateau,8
Plateau,6
Plateau,1
Plateau,0
Plateau,12
Plateau,5
Plateau,1
Plateau,2
Plateau,3
Plateau,7
Plateau,0
Plateau,0
Plateau,0
Plateau,0
Plateau,2
Plateau,2
Plateau,12
Plateau,1
Plateau,3
Plateau,13
Plateau,12
Plateau,0
Plateau,0
Plateau,3
Plateau,28
Plateau,7
Plateau,6
Plateau,1
Plateau,3
Plateau,8
Plateau,36
Plateau,1
Plateau,1
Plateau,2
Plateau,4
Plateau,1
Plateau,1
Plateau,1
Plateau,2
Plateau,3
Plateau,3
Plateau,0
Plateau,2
Plateau,11
Plateau,11
Plateau,10
Plateau,0
Plateau,0
Plateau,1
Plateau,0
Plateau,0
Plateau,0
Plateau,3
Plateau,18
Plateau,0
Plateau,0
Plateau,0
Plateau,0
Plateau,1
Plateau,3
Plateau,3
Plateau,4
Plateau,3
Rivers,0
Rivers,0
Rivers,0
Rivers,0
Rivers,3
Rivers,0
Rivers,0
Rivers,0
Rivers,5
Rivers,0
Rivers,0
Rivers,6
Rivers,7
Rivers,5
Rivers,0
Rivers,0
Rivers,3
Rivers,15
Rivers,3
Rivers,3
Rivers,0
Rivers,0
Rivers,1
Rivers,4
Rivers,1
Rivers,0
Rivers,0
Rivers,0
Rivers,0
Rivers,0
Rivers,2
Rivers,0
Rivers,15
Rivers,2
Rivers,3
Rivers,0
Rivers,1
Rivers,0
Rivers,0
Rivers,0
Rivers,0
Rivers,1
Rivers,0
Rivers,1
Rivers,2
Rivers,9
Rivers,2
Rivers,2
Rivers,0
Rivers,8
Rivers,2
Rivers,0
Rivers,0
Rivers,1
Rivers,1
Rivers,1
Rivers,9
Rivers,5
Rivers,0
Rivers,2
Rivers,2
Rivers,0
Rivers,2
Rivers,21
Rivers,5
Rivers,2
Rivers,0
Rivers,1
Rivers,4
Rivers,0
Rivers,3
Rivers,3
Rivers,15
Rivers,1
Rivers,2
Rivers,0
Rivers,0
Rivers,13
Rivers,3
Rivers,2
Rivers,2
Rivers,1
Rivers,1
Rivers,0
Rivers,0
Rivers,5
Rivers,2
Rivers,1
Rivers,0
Rivers,0
Rivers,2
Rivers,0
Rivers,3
Rivers,0
Rivers,0
Rivers,15
Rivers,0
Rivers,5
Rivers,1
Rivers,5
Rivers,3
Rivers,0
Rivers,1
Rivers,1
Rivers,0
Rivers,0
Rivers,2
Rivers,3
Rivers,4
Rivers,1
Rivers,1
Rivers,1
Rivers,1
Rivers,1
Rivers,7
Rivers,8
Rivers,0
Rivers,2
Rivers,2
Rivers,1
Rivers,1
Rivers,19
Rivers,2
Rivers,1
Rivers,3
Rivers,5
Rivers,0
Rivers,2
Rivers,6
Rivers,5
Rivers,2
Rivers,8
Rivers,6
Rivers,2
Rivers,2
Rivers,23
Rivers,4
Rivers,11
Rivers,8
Rivers,5
Rivers,11
Rivers,4
Rivers,6
Rivers,0
Rivers,0
Rivers,3
Rivers,0
Rivers,3
Rivers,2
Rivers,0
Rivers,5
Rivers,6
Rivers,6
Rivers,7
Rivers,1
Rivers,0
Rivers,4
Rivers,4
Rivers,0
Rivers,0
Rivers,6
Rivers,0
Rivers,4
Rivers,0
Rivers,4
Rivers,2
Rivers,2
Rivers,0
Rivers,4
Rivers,3
Rivers,2
Rivers,1
Rivers,0
Rivers,2
Rivers,2
Rivers,8
Rivers,7
Rivers,11
Rivers,
Rivers,0
Rivers,0
Rivers,3
Rivers,5
Rivers,1
Rivers,2
Rivers,2
Rivers,1
Rivers,7
Rivers,4
Rivers,3
Rivers,1
Rivers,1
Rivers,2
Rivers,2
Rivers,4
Rivers,1
Rivers,1
Rivers,4
Rivers,14
Rivers,0
Rivers,2
Rivers,3
Rivers,2
Rivers,3
Rivers,0
Rivers,0
Rivers,0
Rivers,1
Rivers,2
Rivers,8
Rivers,5
Rivers,0
Rivers,8
Rivers,0
Rivers,0
Rivers,0
Rivers,0
Rivers,3
Rivers,0
Rivers,0
Rivers,0
Rivers,1
Rivers,1
Rivers,2
Rivers,15
Rivers,0
Rivers,3
Rivers,0
Rivers,1
Rivers,6
Rivers,10
Rivers,4
Rivers,0
Rivers,3
Rivers,0
Rivers,20
Rivers,7
Rivers,4
Rivers,7
Rivers,4
Rivers,4
Rivers,1
Rivers,5
Rivers,2
Rivers,0
Rivers,4
Rivers,1
Rivers,2
Rivers,1
Rivers,1
Rivers,0
Rivers,3
Rivers,1
Rivers,2
Rivers,0
Rivers,0
Rivers,1
Rivers,1
Rivers,1
Rivers,0
Rivers,3
Rivers,3
Rivers,2
Rivers,5
Rivers,1
Rivers,0
Rivers,1
Rivers,0
Rivers,4
Rivers,1
Rivers,1
Rivers,1
Rivers,0
Rivers,0
Rivers,0
Rivers,3
Rivers,0
Rivers,0
Rivers,1
Rivers,2
Rivers,2
Rivers,1
Rivers,1
Rivers,4
Rivers,3
Rivers,2
Rivers,0
Rivers,0
Rivers,1
Rivers,5
Rivers,0
Rivers,4
Rivers,0
Rivers,2
Rivers,1
Rivers,1
Rivers,1
Rivers,4
Rivers,0
Rivers,1
Rivers,3
Rivers,3
Rivers,1
Rivers,0
Rivers,6
Rivers,2
Rivers,1
Rivers,0
Rivers,0
Rivers,7
Rivers,0
Rivers,4
Rivers,1
Rivers,2
Rivers,1
Rivers,1
Rivers,1
Rivers,2
Rivers,4
Rivers,2
Rivers,1
Rivers,0
Rivers,0
Rivers,3
Rivers,1
Rivers,5
Rivers,0
Rivers,8
Rivers,5
Rivers,7
Rivers,1
Rivers,1
Rivers,4
Rivers,1
Rivers,1
Rivers,1
Rivers,1
Rivers,0
Rivers,2
Rivers,0
Rivers,6
Rivers,2
Rivers,1
Rivers,1
Rivers,3
Rivers,0
Rivers,1
Rivers,3
Rivers,1
Rivers,0
Rivers,6
Rivers,20
Rivers,2
Rivers,1
Rivers,3
Rivers,0
Rivers,4
Rivers,0
Rivers,0
Rivers,1
Rivers,1
Rivers,0
Rivers,0
Rivers,0
Rivers,2
Rivers,0
Rivers,0
Rivers,1
Rivers,0
Rivers,3
Rivers,2
Rivers,3
Rivers,1
Rivers,1
Rivers,3
Rivers,0
Rivers,1
Rivers,10
Rivers,1
Rivers,8
Rivers,3
Rivers,2
Rivers,0
Rivers,1
Rivers,2
Rivers,1
Rivers,4
Rivers,1
Rivers,0
Rivers,1
Rivers,0
Rivers,1
Rivers,3
Rivers,3
Rivers,3
Rivers,0
Rivers,0
Rivers,10
Rivers,1
Rivers,0
Rivers,0
Rivers,4
Rivers,1
Rivers,7
Rivers,4
Rivers,4
Rivers,8
Rivers,1
Rivers,0
Rivers,1
Rivers,0
Rivers,0
Rivers,3
Rivers,1
Rivers,1
Rivers,4
Rivers,2
Rivers,1
Rivers,1
Rivers,1
Rivers,2
Rivers,1
Rivers,0
Rivers,1
Rivers,0
Rivers,1
Rivers,2
Rivers,3
Rivers,5
Rivers,1
Rivers,4
Rivers,1
Rivers,0
Rivers,3
Rivers,1
Rivers,0
Rivers,1
Rivers,3
Rivers,3
Rivers,0
Rivers,1
Rivers,0
Rivers,1
Rivers,1
Rivers,0
Rivers,1
Rivers,1
Rivers,1
Rivers,0
Rivers,0
Rivers,1
Rivers,2
Rivers,0
Rivers,1
Rivers,1
Rivers,0
Rivers,0
Rivers,0
Rivers,3
Rivers,2
Rivers,1
Rivers,0
Rivers,0
Rivers,0
Rivers,4
Rivers,1
Rivers,1
Rivers,5
Rivers,1
Rivers,0
Rivers,0
Rivers,2
Rivers,3
Rivers,0
Rivers,0
Rivers,3
Rivers,0
Rivers,2
Rivers,3
Rivers,1
Rivers,0
Rivers,0
Rivers,10
Rivers,4
Rivers,8
Rivers,4
Rivers,5
Rivers,1
Rivers,5
Rivers,4
Rivers,1
Rivers,4
Rivers,5
Rivers,1
Rivers,0
Rivers,7
Rivers,2
Rivers,0
Rivers,2
Rivers,1
Rivers,1
Rivers,1
Rivers,0
Rivers,0
Rivers,1
Rivers,0
Rivers,2
Rivers,1
Rivers,9
Rivers,2
Rivers,0
Rivers,2
Rivers,1
Rivers,0
Rivers,2
Rivers,0
Rivers,1
Rivers,0
Rivers,1
Rivers,2
Rivers,3
Rivers,0
Rivers,0
Rivers,0
Rivers,2
Rivers,0
Rivers,4
Rivers,1
Rivers,0
Rivers,1
Rivers,0
Sagme,7
Sokoto,1
Sokoto,0
Sokoto,0
Sokoto,0
Sokoto,0
Sokoto,0
Sokoto,4
Sokoto,0
Sokoto,2
Sokoto,0
Sokoto,2
Sokoto,0
Sokoto,0
Sokoto,2
Sokoto,3
Sokoto,13
Sokoto,40
Sokoto,1
Sokoto,26
Sokoto,0
Sokoto,16
Sokoto,4
Sokoto,1
Sokoto,1
Sokoto,5
Sokoto,25
Sokoto,25
Sokoto,8
Sokoto,37
Sokoto,1
Sokoto,0
Sokoto,0
Sokoto,2
Sokoto,2
Sokoto,6
Sokoto,0
Sokoto,0
Sokoto,2
Sokoto,1
Sokoto,3
Sokoto,0
Sokoto,1
Sokoto,22
Sokoto,1
Sokoto,2
Sokoto,74
Sokoto,3
Sokoto,2
Sokoto,3
Sokoto,3
Sokoto,0
Sokoto,2
Sokoto,1
Sokoto,6
Sokoto,1
Sokoto,2
Sokoto,1
Sokoto,5
Sokoto,0
Sokoto,3
Sokoto,1
Sokoto,3
Sokoto,12
Sokoto,0
Sokoto,1
Sokoto,17
Sokoto,1
Sokoto,3
Sokoto,9
Sokoto,1
Sokoto,3
Sokoto,1
Sokoto,21
Sokoto,1
Sokoto,3
Sokoto,2
Sokoto,2
Sokoto,9
Sokoto,3
Sokoto,0
Sokoto,6
Sokoto,2
Sokoto,13
Sokoto,6
Sokoto,0
Sokoto,17
Sokoto,25
Sokoto,11
Sokoto,20
Sokoto,49
Sokoto,0
Sokoto,22
Sokoto,21
Sokoto,1
Sokoto,3
Sokoto,6
Sokoto,20
Sokoto,23
Sokoto,3
Sokoto,0
Sokoto,2
Sokoto,40
Sokoto,33
Sokoto,0
Tahoua,20
Tahoua,18
Taraba,3
Taraba,9
Taraba,0
Taraba,35
Taraba,7
Taraba,10
Taraba,2
Taraba,77
Taraba,35
Taraba,2
Taraba,4
Taraba,5
Taraba,7
Taraba,40
Taraba,13
Taraba,14
Taraba,20
Taraba,50
Taraba,28
Taraba,20
Taraba,27
Taraba,7
Taraba,1
Taraba,27
Taraba,22
Taraba,3
Taraba,2
Taraba,3
Taraba,11
Taraba,0
Taraba,27
Taraba,0
Taraba,20
Taraba,2
Taraba,15
Taraba,6
Taraba,21
Taraba,8
Taraba,4
Taraba,7
Taraba,3
Taraba,7
Taraba,12
Taraba,2
Taraba,6
Taraba,0
Taraba,0
Taraba,4
Taraba,0
Taraba,15
Taraba,44
Taraba,7
Taraba,6
Taraba,10
Taraba,12
Taraba,0
Taraba,4
Taraba,20
Taraba,7
Taraba,1
Taraba,
Taraba,7
Taraba,8
Taraba,10
Taraba,1
Taraba,15
Taraba,3
Taraba,3
Taraba,4
Taraba,1
Taraba,1
Taraba,15
Taraba,2
Taraba,0
Taraba,0
Taraba,6
Taraba,1
Taraba,60
Taraba,3
Taraba,1
Taraba,1
Taraba,1
Taraba,1
Taraba,4
Taraba,1
Taraba,15
Taraba,20
Taraba,1
Taraba,2
Taraba,2
Taraba,5
Taraba,5
Taraba,0
Taraba,4
Taraba,5
Taraba,4
Taraba,51
Taraba,0
Taraba,0
Taraba,9
Taraba,10
Taraba,6
Taraba,1
Taraba,0
Taraba,2
Taraba,8
Taraba,3
Taraba,73
Taraba,6
Taraba,5
Taraba,6
Taraba,5
Taraba,3
Taraba,3
Taraba,0
Taraba,3
Taraba,0
Taraba,1
Taraba,0
Taraba,1
Taraba,0
Taraba,3
Taraba,0
Taraba,5
Taraba,8
Taraba,1
Taraba,0
Taraba,0
Taraba,4
Taraba,0
Taraba,12
Taraba,15
Taraba,22
Taraba,0
Taraba,0
Taraba,0
Taraba,0
Taraba,0
Taraba,3
Taraba,5
Taraba,0
Taraba,5
Taraba,6
Taraba,0
Taraba,7
Taraba,8
Taraba,3
Taraba,3
Taraba,3
Taraba,12
Taraba,3
Taraba,0
Taraba,8
Taraba,6
Taraba,7
Taraba,7
Taraba,0
Taraba,15
Taraba,0
Taraba,4
Taraba,0
Taraba,0
Taraba,4
Taraba,8
Taraba,0
Taraba,3
Taraba,0
Taraba,6
Taraba,0
Taraba,1
Taraba,1
Taraba,1
Taraba,1
Taraba,14
Taraba,5
Taraba,0
Taraba,0
Taraba,5
Taraba,1
Taraba,5
Taraba,0
Taraba,0
Taraba,0
Taraba,0
Taraba,0
Taraba,2
Taraba,10
Taraba,1
Taraba,1
Taraba,3
Taraba,5
Taraba,3
Taraba,0
Taraba,2
Taraba,0
Taraba,0
Taraba,4
Taraba,2
Taraba,2
Taraba,3
Taraba,2
Taraba,0
Taraba,0
Taraba,1
Taraba,2
Taraba,1
Taraba,0
Taraba,0
Taraba,25
Taraba,1
Taraba,4
Taraba,4
Taraba,20
Taraba,8
Taraba,4
Taraba,8
Taraba,8
Taraba,2
Taraba,11
Taraba,4
Taraba,2
Taraba,0
Taraba,6
Taraba,2
Taraba,2
Taraba,4
Taraba,0
Taraba,0
Taraba,0
Taraba,0
Taraba,2
Taraba,1
Taraba,1
Taraba,3
Taraba,2
Taraba,2
Taraba,6
Taraba,0
Taraba,4
Taraba,2
Taraba,2
Taraba,1
Taraba,0
Taraba,1
Taraba,1
Taraba,2
Taraba,2
Taraba,2
Taraba,0
Taraba,1
Taraba,0
Taraba,0
Taraba,2
Taraba,0
Taraba,0
Taraba,12
Taraba,5
Taraba,2
Taraba,3
Taraba,1
Taraba,3
Taraba,0
Taraba,1
Taraba,1
Taraba,0
Taraba,11
Taraba,16
Taraba,5
Taraba,12
Taraba,2
Taraba,0
Taraba,1
Taraba,3
Taraba,0
Taraba,3
Taraba,1
Taraba,0
Taraba,1
Taraba,1
Taraba,15
Taraba,2
Taraba,11
Taraba,1
Taraba,11
Taraba,0
Taraba,0
Taraba,6
Taraba,1
Taraba,40
Taraba,3
Taraba,0
Tillabéri,1
Tillabéri,28
Tillabéri,14
Tillabéri,2
Yobe,5
Yobe,13
Yobe,1
Yobe,
Yobe,22
Yobe,42
Yobe,6
Yobe,11
Yobe,3
Yobe,90
Yobe,1
Yobe,128
Yobe,19
Yobe,59
Yobe,39
Yobe,4
Yobe,3
Yobe,9
Yobe,17
Yobe,2
Yobe,15
Yobe,45
Yobe,21
Yobe,7
Yobe,8
Yobe,17
Yobe,40
Yobe,0
Yobe,82
Yobe,18
Yobe,58
Yobe,59
Yobe,0
Yobe,1
Yobe,6
Yobe,40
Yobe,25
Yobe,10
Yobe,2
Yobe,20
Yobe,5
Yobe,10
Yobe,13
Yobe,3
Yobe,8
Yobe,16
Yobe,12
Yobe,4
Yobe,
Yobe,3
Yobe,21
Yobe,2
Yobe,8
Yobe,0
Yobe,0
Yobe,11
Yobe,15
Yobe,6
Yobe,
Yobe,50
Yobe,8
Yobe,22
Yobe,15
Yobe,9
Yobe,160
Yobe,2
Yobe,3
Yobe,18
Yobe,107
Yobe,20
Yobe,7
Yobe,5
Yobe,18
Yobe,1
Yobe,1
Yobe,11
Yobe,4
Yobe,21
Yobe,13
Yobe,2
Yobe,18
Yobe,5
Yobe,2
Yobe,15
Yobe,0
Yobe,5
Yobe,2
Yobe,1
Yobe,0
Yobe,0
Yobe,62
Yobe,48
Yobe,1
Yobe,0
Yobe,18
Yobe,25
Yobe,8
Yobe,40
Yobe,8
Yobe,0
Yobe,20
Yobe,14
Yobe,0
Yobe,20
Yobe,10
Yobe,21
Yobe,2
Yobe,0
Yobe,11
Yobe,0
Yobe,1
Yobe,31
Yobe,0
Yobe,0
Yobe,10
Yobe,8
Yobe,105
Yobe,1
Yobe,13
Yobe,7
Yobe,5
Yobe,0
Yobe,3
Yobe,4
Yobe,7
Yobe,5
Yobe,1
Yobe,0
Yobe,41
Yobe,30
Yobe,5
Yobe,0
Yobe,7
Yobe,2
Yobe,0
Yobe,11
Yobe,5
Yobe,32
Yobe,
Yobe,4
Yobe,0
Yobe,3
Yobe,0
Yobe,9
Yobe,2
Yobe,43
Yobe,20
Yobe,17
Yobe,0
Yobe,1
Yobe,0
Yobe,0
Zamfara,52
Zamfara,0
Zamfara,0
Zamfara,13
Zamfara,16
Zamfara,28
Zamfara,200
Zamfara,42
Zamfara,8
Zamfara,0
Zamfara,40
Zamfara,0
Zamfara,50
Zamfara,9
Zamfara,4
Zamfara,2
Zamfara,18
Zamfara,19
Zamfara,4
Zamfara,3
Zamfara,16
Zamfara,11
Zamfara,8
Zamfara,20
Zamfara,2
Zamfara,7
Zamfara,2
Zamfara,4
Zamfara,0
Zamfara,40
Zamfara,29
Zamfara,6
Zamfara,25
Zamfara,1
Zamfara,3
Zamfara,24
Zamfara,1
Zamfara,2
Zamfara,120
Zamfara,5
Zamfara,3
Zamfara,22
Zamfara,1
Zamfara,6
Zamfara,41
Zamfara,1
Zamfara,36
Zamfara,23
Zamfara,40
Zamfara,30
Zamfara,13
Zamfara,8
Zamfara,1
Zamfara,0
Zamfara,7
Zamfara,1
Zamfara,23
Zamfara,1
Zamfara,5
Zamfara,26
Zamfara,20
Zamfara,23
Zamfara,1
Zamfara,0
Zamfara,1
Zamfara,30
Zamfara,2
Zamfara,1
Zamfara,0
Zamfara,4
Zamfara,0
Zamfara,0
Zamfara,30
Zamfara,30
Zamfara,30
Zamfara,5
Zamfara,11
Zamfara,0
Zamfara,0
Zamfara,0
Zamfara,6
Zamfara,120
Zamfara,2
Zamfara,6
Zamfara,25
Zamfara,17
Zamfara,0
Zamfara,5
Zamfara,
Zamfara,18
Zamfara,40
Zamfara,62
Zamfara,0
Zamfara,33
Zamfara,0
Zamfara,9
Zamfara,1
Zamfara,14
Zamfara,11
Zamfara,1
Zamfara,43
Zamfara,2
Zamfara,66
Zamfara,1
Zamfara,0
Zamfara,19
Zamfara,32
Zamfara,30
Zamfara,10
Zamfara,23
Zamfara,30
Zamfara,20
Zamfara,20
Zamfara,16
Zamfara,59
Zamfara,0
Zamfara,1
Zamfara,0
Zamfara,3
Zamfara,43
Zamfara,0
Zamfara,5
Zamfara,0
Zamfara,50
Zamfara,25
Zamfara,40
Zamfara,35
Zamfara,1
Zamfara,4
Zamfara,10
Zamfara,3
Zamfara,8
Zamfara,16
Zamfara,6
Zamfara,10
Zamfara,4
Zamfara,0
Zamfara,7
Zamfara,20
Zamfara,31
Zamfara,20
Zamfara,3
Zamfara,6
Zamfara,2
Zamfara,17
Zamfara,24
Zamfara,23
Zamfara,8
Zamfara,0
Zamfara,16
Zamfara,35
Zamfara,40
Zamfara,18
Zamfara,1
Zamfara,3
Zamfara,15
Zamfara,32
Zamfara,10
Zamfara,10
Zamfara,20
Zamfara,29
Zamfara,46
Zamfara,14
Zamfara,100
Zamfara,2
Zamfara,29
Zamfara,14
Zamfara,0
Zamfara,0
Zamfara,5
Zamfara,13
Zamfara,2
Zamfara,2
Zamfara,0
Zamfara,8
Zamfara,4
Zamfara,16
Zamfara,2
Zamfara,2
Zamfara,0
Zamfara,9
Zamfara,9
Zamfara,34
Zamfara,89
Zamfara,27
Zamfara,10
Zamfara,68
Zamfara,30
Zamfara,4
Zamfara,6
Zamfara,15
Zamfara,3
Zamfara,2
Zamfara,40
Zamfara,10
Zamfara,1
Zamfara,0
Zamfara,23
Zamfara,10
Zamfara,12
Zamfara,0
Zamfara,20
Zamfara,40
Zamfara,40
Zamfara,6
Zamfara,10
Zamfara,10
Zamfara,3
Zamfara,1
Zamfara,1
Zamfara,1
Zamfara,2
Zamfara,2
Zamfara,1
Zamfara,0
Zamfara,10
Zamfara,10
Zamfara,10
Zamfara,0
Zamfara,1
Zamfara,0
Zamfara,0
Zamfara,22
Zamfara,0
Zamfara,4
Zamfara,1
Zamfara,3
Zamfara,2
Zamfara,1
Zamfara,1
Zamfara,5
Zamfara,7
Zamfara,6
Zamfara,1
Zamfara,15
Zamfara,1
Zamfara,2
Zamfara,4
Zamfara,1
Zamfara,0
Zamfara,0
Zamfara,0
Zamfara,50
Zamfara,15
Zamfara,30
Zamfara,35
Zamfara,13
Zamfara,2
Zamfara,7
Zamfara,3
Zamfara,32
Zamfara,20
Zamfara,7
Zamfara,9
Zamfara,0
Zamfara,3
Zamfara,10
Zamfara,1
Zamfara,0
Zamfara,13
Zamfara,30
Zamfara,10
Zamfara,8
Zamfara,1
Zamfara,2
Zamfara,1
Zamfara,0
Zamfara,23
Zamfara,2
Zamfara,40
Zamfara,60
Zamfara,15
Zamfara,15
Zamfara,5
Zamfara,53
Zamfara,1
Zamfara,9
Zamfara,0
Zamfara,12
Zamfara,8
Zamfara,9
Zamfara,10
Zamfara,20
Zamfara,0
Zamfara,12
Zamfara,10
Zamfara,41
Zamfara,30
Zamfara,93
Zamfara,18
Zamfara,5
Zamfara,29
Zamfara,40
Zamfara,49
Zamfara,0
Zamfara,120
Zamfara,1
Zamfara,13
Zamfara,0
Zamfara,1
Zamfara,7
Zamfara,0
Zamfara,20
Zamfara,7
Zamfara,0
Zamfara,78
Zamfara,0
Zamfara,45
Zamfara,0
Zamfara,0
Zamfara,1
Zamfara,1
Zamfara,4
Zamfara,45
Zamfara,13
Zamfara,0
Zamfara,0
Zamfara,5
Zamfara,3
Zamfara,0
Zamfara,1
Zamfara,50
Zamfara,0
Zamfara,2
Zamfara,0
Zamfara,4
Zamfara,1
Zamfara,4
Zamfara,20
Zamfara,7
Zamfara,12
Zamfara,0
Zamfara,5
Zamfara,3
Zamfara,21
Zamfara,6
Zamfara,12
Zamfara,0
Zamfara,0
Zamfara,7
Zamfara,20
Zamfara,6
Zamfara,7
Zamfara,9
Zamfara,0
Zamfara,4
Zamfara,7
Zamfara,2
Zamfara,10
Zamfara,0
Zamfara,5
Zamfara,0
Zamfara,20
Zamfara,0
Zamfara,2
Zamfara,7
Zamfara,4
Zamfara,100
Zamfara,100
Zamfara,0
Zamfara,0
Zamfara,0
,
,
,2
,100
,100
,
,30
,53
,34
,3
,18
,1
,36
,16
,23
,1
,230
,5
,5
,37
,
,5
,13
,16
,5
,6
,12
,21
,13
,0
,3
,2
,119
,8
,7
,21
,22
,2
,3
,10
,19
,2
,28
,11
,11
,12
,13
,5
,10
,5
,30
,3
,5
,3
,2
,2
,13
,5
,35
,6
,10
,24
,20
,15
,0
,11
,4
,15
,3
,9
,14
,8
,9
,15
,6
,11
,6
,3
,2
,1
,0
,6
,5
,2
,21
,5
,6
,6
,1
,37
,12
,5
,4
,24
,7
,6
,2
,2
,12
,18
,20
,2
,3
,14
,3